Num.Entidad,Entidad,Num.Municipio,Municipio,A2003,A2004,A2005,A2006,A2007,A2008,A2009,A2010,A2011,A2012,A2013,A2014,A2015,A2016,ene-03,feb-03,mar-03,abr-03,may-03,jun-03,jul-03,ago-03,sep-03,oct-03,nov-03,dic-03,ene-04,feb-04,mar-04,abr-04,may-04,jun-04,jul-04,ago-04,sep-04,oct-04,nov-04,dic-04,ene-05,feb-05,mar-05,abr-05,may-05,jun-05,jul-05,ago-05,sep-05,oct-05,nov-05,dic-05,ene-06,feb-06,mar-06,abr-06,may-06,jun-06,jul-06,ago-06,sep-06,oct-06,nov-06,dic-06,ene-07,feb-07,mar-07,abr-07,may-07,jun-07,jul-07,ago-07,sep-07,oct-07,nov-07,dic-07,ene-08,feb-08,mar-08,abr-08,may-08,jun-08,jul-08,ago-08,sep-08,oct-08,nov-08,dic-08,ene-09,feb-09,mar-09,abr-09,may-09,jun-09,jul-09,ago-09,sep-09,oct-09,nov-09,dic-09,ene-10,feb-10,mar-10,abr-10,may-10,jun-10,jul-10,ago-10,sep-10,oct-10,nov-10,dic-10,ene-11,feb-11,mar-11,abr-11,may-11,jun-11,jul-11,ago-11,sep-11,oct-11,nov-11,dic-11,ene-12,feb-12,mar-12,abr-12,may-12,jun-12,jul-12,ago-12,sep-12,oct-12,nov-12,dic-12,ene-13,feb-13,mar-13,abr-13,may-13,jun-13,jul-13,ago-13,sep-13,oct-13,nov-13,dic-13,ene-14,feb-14,mar-14,abr-14,may-14,jun-14,jul-14,ago-14,sep-14,oct-14,nov-14,dic-14,ene-15,feb-15,mar-15,abr-15,may-15,jun-15,jul-15,ago-15,sep-15,oct-15,nov-15,dic-15,ene-16,feb-16,mar-16,abr-16,may-16,jun-16,jul-16,,
02,02 Baja California,001,001 Ensenada,0,0,0,0,0,0,0,0,0,0,0,0,1,0,,,,,,,,,,,,,,,,,,,,,,,,,,,,,,,,,,,,,,,,,,,,,,,,,,,,,,,,,,,,,,,,,,,,,,,,,,,,,,,,,,,,,,,,,,,,,,,,,,,,,,,,,,,,,,,,,,,,,,,,,,,,,,,,,,,,,,,,,,,,,,,,,,,1,,,,,,,,,,,,,,,,,,
03,03 Baja California Sur,001,001 Comondú,0,1,0,0,0,0,0,0,0,0,0,0,0,0,,,,,,,,,,,,,,,,,,,,,,,1,,,,,,,,,,,,,,,,,,,,,,,,,,,,,,,,,,,,,,,,,,,,,,,,,,,,,,,,,,,,,,,,,,,,,,,,,,,,,,,,,,,,,,,,,,,,,,,,,,,,,,,,,,,,,,,,,,,,,,,,,,,,,,,,,,,,,,,,,,,,,,
03,03 Baja California Sur,008,008 Los Cabos,0,0,0,0,0,0,0,0,1,0,0,0,0,0,,,,,,,,,,,,,,,,,,,,,,,,,,,,,,,,,,,,,,,,,,,,,,,,,,,,,,,,,,,,,,,,,,,,,,,,,,,,,,,,,,,,,,,,,,,,,,,,,,,,,,,,,,,,1,,,,,,,,,,,,,,,,,,,,,,,,,,,,,,,,,,,,,,,,,,,,,,,,,,,,,,,,,
04,04 Campeche,002,002 Campeche,3,1,2,6,5,11,6,5,2,12,12,9,4,3,,,1,1,1,,,,,,,,,,,,1,,,,,,,,,,2,,,,,,,,,,,,,,1,4,,,,,,1,,,,,2,2,,,,,,1,,,1,6,2,,,1,1,,,,1,1,,,,1,3,,,,,,,1,,1,,1,,,,2,,,,,1,1,,,,,,,,,,1,,1,3,,,3,1,1,2,,1,1,1,,2,2,2,,3,,,,,,,3,,1,2,,1,,1,1,1,,1,,,,,,2,,,,,,,,2,1,,,
04,04 Campeche,003,003 Carmen,0,1,3,1,0,0,0,0,3,0,1,0,1,1,,,,,,,,,,,,,,,,,,,,,,1,,,2,,,,,,,,,,,1,,,,1,,,,,,,,,,,,,,,,,,,,,,,,,,,,,,,,,,,,,,,,,,,,,,,,,,,,,,,,,,1,,,,,1,,1,,,,,,,,,,,,,,,,,1,,,,,,,,,,,,,,,,,,,,,,,,,,,,,,,,1,,,,,,,1,,,,
04,04 Campeche,004,004 Champotón,1,3,7,2,4,1,1,3,1,5,3,0,0,0,,,,,,,1,,,,,,,,,,,3,,,,,,,,,,2,1,,1,,3,,,,,1,,,,,,1,,,,,,,1,,1,1,1,,,,,,,,,,,,,,1,,,,,,1,,,,,,,,,,,,,,1,1,,,1,,,,,,1,,,,,,,,,,,,,,3,,,,,1,1,,1,,1,1,,,,,,,,,,,,,,,,,,,,,,,,,,,,,,,,,,,,,,,,,
04,04 Campeche,005,005 Hecelchakán,0,1,1,1,0,1,0,0,0,2,1,1,0,0,,,,,,,,,,,,,,,,,,,1,,,,,,,,1,,,,,,,,,,,,,,,,,,,,,1,,,,,,,,,,,,,,,,1,,,,,,,,,,,,,,,,,,,,,,,,,,,,,,,,,,,,,,,,,,,,,,,,,,,,,,,2,,,1,,,,,,,,,,,,,1,,,,,,,,,,,,,,,,,,,,,,,,,,,,,,
04,04 Campeche,006,006 Hopelchen,5,2,1,2,1,0,1,1,3,1,3,4,0,0,,,1,,2,1,,1,,,,,,,,,2,,,,,,,,,,,1,,,,,,,,,,,1,,1,,,,,,,,,,,,1,,,,,,,,,,,,,,,,,,,,,1,,,,,,,,,,,,,,,1,,,,,,,,,,,,3,,,,,,,,,,,,,,1,,,,,,,,3,,,,,,,,,,,1,1,,,1,1,,,,,,,,,,,,,,,,,,,,,,,,,,
04,04 Campeche,009,009 Escárcega,21,27,43,20,29,38,13,34,55,70,50,21,47,52,,,1,3,2,6,4,1,1,,2,1,3,,2,,3,4,3,6,2,1,2,1,2,7,3,12,2,9,4,2,,1,1,,1,,5,,1,3,3,5,,1,1,,1,1,,7,4,7,2,5,,1,,1,5,3,7,7,6,3,2,3,1,1,,,2,,2,3,,2,1,,,,,3,,2,,,14,8,3,,,,7,,6,3,4,17,13,8,4,,,,,,,8,6,10,20,8,6,6,1,,2,3,3,9,9,11,7,2,,,2,2,2,3,4,2,3,1,2,3,3,,1,1,1,,2,2,,,18,6,9,2,1,,4,3,,6,7,11,11,12,5,,
04,04 Campeche,010,010 Calakmul,108,56,20,15,27,16,20,10,17,11,25,9,7,5,4,14,1,15,12,21,27,5,,,4,5,3,3,17,4,14,9,2,2,1,,,1,1,3,4,5,2,1,1,1,,2,,,,4,,2,2,6,1,,,,,,1,1,2,4,6,1,5,2,2,2,,1,,3,1,2,1,2,1,4,,2,,,,2,2,5,,3,4,,1,1,2,,,,4,1,,1,4,,,,,,1,,,,8,8,,,,,,,,2,5,1,,2,,1,,,,,2,1,4,6,7,2,,,1,2,,,3,,,,,2,3,,1,,,,1,1,,,3,1,,,,1,,,,,1,,,4,,,
04,04 Campeche,011,011 Candelaria,11,9,23,19,10,15,8,5,12,23,26,7,6,7,1,1,2,1,2,2,1,,,,,1,,2,,1,1,1,1,,,,1,2,,1,3,2,5,6,,2,1,1,1,1,,5,9,1,,2,2,,,,,,,3,1,,3,,1,1,,1,,,,,,3,4,3,1,,,1,2,1,,3,1,1,2,,1,,,,,,,1,1,1,1,1,,,,,,,,,1,4,4,2,,,1,,,,,2,3,,8,5,2,2,,1,,,,7,11,6,1,1,,,,,,,,,,,1,3,,,3,,,,1,1,,,1,3,,,,,,,,1,1,1,1,2,1,,
05,05 Coahuila,030,030 Saltillo,0,0,0,0,0,0,1,0,0,0,0,0,0,0,,,,,,,,,,,,,,,,,,,,,,,,,,,,,,,,,,,,,,,,,,,,,,,,,,,,,,,,,,,,,,,,,,,,,,,,,,,,,,,,1,,,,,,,,,,,,,,,,,,,,,,,,,,,,,,,,,,,,,,,,,,,,,,,,,,,,,,,,,,,,,,,,,,,,,,,,,,,,,,,,,,,,,
07,07 Chiapas,002,002 Acala,0,0,0,0,0,1,1,3,0,1,1,0,0,0,,,,,,,,,,,,,,,,,,,,,,,,,,,,,,,,,,,,,,,,,,,,,,,,,,,,,,,,,,,,,,,,,,,,,,,,1,,,1,,,,,,,,,,,,1,,,,,,2,,,,,,,,,,,,,,,,,1,,,,,,,,,,,,,,,,,1,,,,,,,,,,,,,,,,,,,,,,,,,,,,,,,,,,,,,,
07,07 Chiapas,004,004 Altamirano,0,0,0,0,0,0,0,4,0,0,2,0,0,0,,,,,,,,,,,,,,,,,,,,,,,,,,,,,,,,,,,,,,,,,,,,,,,,,,,,,,,,,,,,,,,,,,,,,,,,,,,,,,,,,,,,,,,,,,,,,,2,,2,,,,,,,,,,,,,,,,,,,,,,,,,1,,,,,,,1,,,,,,,,,,,,,,,,,,,,,,,,,,,,,,,,,,,,,
07,07 Chiapas,005,005 Amatán,0,0,0,0,1,0,0,0,0,0,0,0,0,0,,,,,,,,,,,,,,,,,,,,,,,,,,,,,,,,,,,,,,,,,,,,,,,,,,,,1,,,,,,,,,,,,,,,,,,,,,,,,,,,,,,,,,,,,,,,,,,,,,,,,,,,,,,,,,,,,,,,,,,,,,,,,,,,,,,,,,,,,,,,,,,,,,,,,,,,,,,,,,,,,,,,,,
07,07 Chiapas,008,008 Angel Albino Corzo,0,0,0,0,0,0,0,2,0,0,0,0,0,0,,,,,,,,,,,,,,,,,,,,,,,,,,,,,,,,,,,,,,,,,,,,,,,,,,,,,,,,,,,,,,,,,,,,,,,,,,,,,,,,,,,,,,,1,1,,,,,,,,,,,,,,,,,,,,,,,,,,,,,,,,,,,,,,,,,,,,,,,,,,,,,,,,,,,,,,,,,,,,,,,,,,,,,
07,07 Chiapas,012,012 Berriozabal,0,2,0,0,0,0,1,1,0,0,0,0,0,0,,,,,,,,,,,,,,,,,,2,,,,,,,,,,,,,,,,,,,,,,,,,,,,,,,,,,,,,,,,,,,,,,,,,,,,,,,,,,,,,,,,,1,,,,,,1,,,,,,,,,,,,,,,,,,,,,,,,,,,,,,,,,,,,,,,,,,,,,,,,,,,,,,,,,,,,,,,,,,,,,,,,,,,,
07,07 Chiapas,016,016 Catazaja,0,0,0,0,0,0,0,2,1,0,0,0,0,0,,,,,,,,,,,,,,,,,,,,,,,,,,,,,,,,,,,,,,,,,,,,,,,,,,,,,,,,,,,,,,,,,,,,,,,,,,,,,,,,,,,,,,,,1,,,,,1,,,,,,,,,,,,,1,,,,,,,,,,,,,,,,,,,,,,,,,,,,,,,,,,,,,,,,,,,,,,,,,,,,,,,,,,,
07,07 Chiapas,019,019 Comitán De Domínguez,2,1,25,0,0,0,0,2,1,0,0,0,0,2,,,,,,,,1,,1,,,,,,,1,,,,,,,,8,1,3,2,1,10,,,,,,,,,,,,,,,,,,,,,,,,,,,,,,,,,,,,,,,,,,,,,,,,,,,,,,,,,,,,,,,1,,1,,,1,,,,,,,,,,,,,,,,,,,,,,,,,,,,,,,,,,,,,,,,,,,,,,,,,,,,,,,,,,,,1,,,1,,,,
07,07 Chiapas,020,"020 Concordia, La",0,0,0,0,0,0,0,0,2,0,0,0,0,0,,,,,,,,,,,,,,,,,,,,,,,,,,,,,,,,,,,,,,,,,,,,,,,,,,,,,,,,,,,,,,,,,,,,,,,,,,,,,,,,,,,,,,,,,,,,,,,,,2,,,,,,,,,,,,,,,,,,,,,,,,,,,,,,,,,,,,,,,,,,,,,,,,,,,,,,,,,,,,,,,,,,,,
07,07 Chiapas,021,021 Copainala,0,0,0,0,0,1,0,2,0,1,0,0,0,0,,,,,,,,,,,,,,,,,,,,,,,,,,,,,,,,,,,,,,,,,,,,,,,,,,,,,,,,,,,,,,,,,,,,,,,,1,,,,,,,,,,,,,,,2,,,,,,,,,,,,,,,,,,,,,,,,,,,,,1,,,,,,,,,,,,,,,,,,,,,,,,,,,,,,,,,,,,,,,,,,,,,,,,,
07,07 Chiapas,022,022 Chalchihuitán,0,0,0,0,0,0,0,0,0,0,0,0,1,0,,,,,,,,,,,,,,,,,,,,,,,,,,,,,,,,,,,,,,,,,,,,,,,,,,,,,,,,,,,,,,,,,,,,,,,,,,,,,,,,,,,,,,,,,,,,,,,,,,,,,,,,,,,,,,,,,,,,,,,,,,,,,,,,,,,,,,,,,,,,,,,,,,,1,,,,,,,,,,,,,,,,,,
07,07 Chiapas,027,027 Chiapa De Corzo,0,0,0,0,0,0,1,1,0,0,0,0,0,0,,,,,,,,,,,,,,,,,,,,,,,,,,,,,,,,,,,,,,,,,,,,,,,,,,,,,,,,,,,,,,,,,,,,,,,,,,,,,,,,,1,,,,,,,1,,,,,,,,,,,,,,,,,,,,,,,,,,,,,,,,,,,,,,,,,,,,,,,,,,,,,,,,,,,,,,,,,,,,,,,,,,,,,
07,07 Chiapas,028,028 Chiapilla,0,0,0,0,0,0,0,1,0,0,0,0,0,0,,,,,,,,,,,,,,,,,,,,,,,,,,,,,,,,,,,,,,,,,,,,,,,,,,,,,,,,,,,,,,,,,,,,,,,,,,,,,,,,,,,,,,,1,,,,,,,,,,,,,,,,,,,,,,,,,,,,,,,,,,,,,,,,,,,,,,,,,,,,,,,,,,,,,,,,,,,,,,,,,,,,,,
07,07 Chiapas,030,030 Chicomuselo,0,0,0,0,0,0,0,0,0,0,1,0,0,0,,,,,,,,,,,,,,,,,,,,,,,,,,,,,,,,,,,,,,,,,,,,,,,,,,,,,,,,,,,,,,,,,,,,,,,,,,,,,,,,,,,,,,,,,,,,,,,,,,,,,,,,,,,,,,,,,,,,,,,,,1,,,,,,,,,,,,,,,,,,,,,,,,,,,,,,,,,,,,,,,,,,,,
07,07 Chiapas,031,031 Chilon,0,0,1,0,0,0,0,4,0,2,1,0,0,0,,,,,,,,,,,,,,,,,,,,,,,,,,,,,,1,,,,,,,,,,,,,,,,,,,,,,,,,,,,,,,,,,,,,,,,,,,,,,,,,,,,,,,,,2,1,,,,1,,,,,,,,,,,,,,,,,,,,,1,,,1,,,,,,1,,,,,,,,,,,,,,,,,,,,,,,,,,,,,,,,,,,,,,,,,,,
07,07 Chiapas,033,033 Francisco León,1,0,0,0,0,0,0,0,0,0,0,0,0,0,,,,,,,,,,1,,,,,,,,,,,,,,,,,,,,,,,,,,,,,,,,,,,,,,,,,,,,,,,,,,,,,,,,,,,,,,,,,,,,,,,,,,,,,,,,,,,,,,,,,,,,,,,,,,,,,,,,,,,,,,,,,,,,,,,,,,,,,,,,,,,,,,,,,,,,,,,,,,,,,,,,,,,
07,07 Chiapas,034,034 Frontera Comalapa,0,0,0,0,0,0,0,2,0,0,1,0,0,0,,,,,,,,,,,,,,,,,,,,,,,,,,,,,,,,,,,,,,,,,,,,,,,,,,,,,,,,,,,,,,,,,,,,,,,,,,,,,,,,,,,,,,,2,,,,,,,,,,,,,,,,,,,,,,,,,,,,,,,,,,,,,,,,,,1,,,,,,,,,,,,,,,,,,,,,,,,,,,,,,,,,,,,
07,07 Chiapas,041,"041 Independencia, La",0,0,1,2,2,0,1,0,0,1,0,0,0,0,,,,,,,,,,,,,,,,,,,,,,,,,,,,,,,,,,1,,,1,1,,,,,,,,,,,,,,,1,,1,,,,,,,,,,,,,,,,,,,,,,,,1,,,,,,,,,,,,,,,,,,,,,,,,,,,,,,,,1,,,,,,,,,,,,,,,,,,,,,,,,,,,,,,,,,,,,,,,,,,,,,,,,,,,,,,
07,07 Chiapas,042,042 Ixhuatan,0,0,2,0,0,0,0,0,0,0,0,0,0,0,,,,,,,,,,,,,,,,,,,,,,,,,2,,,,,,,,,,,,,,,,,,,,,,,,,,,,,,,,,,,,,,,,,,,,,,,,,,,,,,,,,,,,,,,,,,,,,,,,,,,,,,,,,,,,,,,,,,,,,,,,,,,,,,,,,,,,,,,,,,,,,,,,,,,,,,,,,,,,,,,,,,,,
07,07 Chiapas,043,043 Ixtacomitan,8,2,13,4,4,10,4,2,0,3,1,4,3,0,,1,1,,,1,5,,,,,,1,,1,,,,,,,,,,1,,1,,3,1,2,2,3,,,,,,,,2,,,,1,1,,,,3,1,,,,,,,,,,3,1,,1,,2,1,1,,,,1,,1,1,1,,,,1,,,,,1,1,,,,,,,,,,,,,,,,,,,,,,,,,,,,,,3,,,,,,,,,,,,,1,,,,,2,,,,1,,,,,1,,,,1,,1,1,,,,,,,,,,,,,,,
07,07 Chiapas,044,044 Ixtapa,0,0,0,0,0,1,0,0,0,0,0,0,0,0,,,,,,,,,,,,,,,,,,,,,,,,,,,,,,,,,,,,,,,,,,,,,,,,,,,,,,,,,,,,,,,,,,,,,,,,1,,,,,,,,,,,,,,,,,,,,,,,,,,,,,,,,,,,,,,,,,,,,,,,,,,,,,,,,,,,,,,,,,,,,,,,,,,,,,,,,,,,,,,,,,,,,,
07,07 Chiapas,046,046 Jiquipilas,0,0,0,0,0,1,0,0,4,0,0,0,0,0,,,,,,,,,,,,,,,,,,,,,,,,,,,,,,,,,,,,,,,,,,,,,,,,,,,,,,,,,,,,,,,,,,,,,,,,1,,,,,,,,,,,,,,,,,,,,,,,,,,,,,,4,,,,,,,,,,,,,,,,,,,,,,,,,,,,,,,,,,,,,,,,,,,,,,,,,,,,,,,,,,,,,,,
07,07 Chiapas,048,048 Juárez,4,1,0,0,0,3,4,4,1,0,1,1,4,0,1,,,2,,,,,,,1,,,,,1,,,,,,,,,,,,,,,,,,,,,,,,,,,,,,,,,,,,,,,,,,,,,,,,,,,1,1,,,,1,1,,,1,,,,2,,,,,,,,2,2,,,,,,,,,,1,,,,,,,,,,,,,,,,,,,,,,,,,,,,1,,,,,,,,,,,,,,,,,1,,,2,1,1,,,,,,,,,,,,,,,,
07,07 Chiapas,050,"050 Libertad, La",0,0,3,0,1,0,0,0,0,0,0,0,0,0,,,,,,,,,,,,,,,,,,,,,,,,,,,,,,,,,,,,3,,,,,,,,,,,,,,,,,,,,,,1,,,,,,,,,,,,,,,,,,,,,,,,,,,,,,,,,,,,,,,,,,,,,,,,,,,,,,,,,,,,,,,,,,,,,,,,,,,,,,,,,,,,,,,,,,,,,,,,,,,,,,,,,,,
07,07 Chiapas,051,051 Mapastepec,0,0,0,0,0,0,0,0,1,0,0,0,0,0,,,,,,,,,,,,,,,,,,,,,,,,,,,,,,,,,,,,,,,,,,,,,,,,,,,,,,,,,,,,,,,,,,,,,,,,,,,,,,,,,,,,,,,,,,,,,,,,,,,,,,,,,,,,1,,,,,,,,,,,,,,,,,,,,,,,,,,,,,,,,,,,,,,,,,,,,,,,,,,,,,,,,,
07,07 Chiapas,052,"052 Margaritas, Las",26,7,1,7,9,27,32,16,6,12,10,3,9,5,,2,1,4,6,5,2,,1,2,3,,2,,1,,,2,1,,1,,,,,,,,,,,1,,,,,1,2,,1,1,2,,,,,,,1,2,,,,1,,2,2,1,,,2,4,,3,5,1,6,,2,3,1,,2,4,2,5,4,5,3,,3,4,,,5,1,2,1,,1,,1,1,3,1,,1,2,,,1,,,,1,1,,,1,2,2,,3,,,4,,,,,,,2,1,3,,1,,3,,,,2,1,,,,,,,,,,,,,,,4,,1,2,1,1,,,4,,,,1,,,,
07,07 Chiapas,059,059 Ocosingo,4,2,8,3,1,5,4,18,0,35,6,2,3,3,1,,,,1,,,2,,,,,,,,,1,1,,,,,,,,,3,1,,,,,1,,3,,,2,1,,,,,,,,,,,,,,,,,1,,,,,1,2,,1,,1,,,,,,,,1,,,,,,,,,,3,2,,3,1,1,2,4,1,1,,,3,,,,,,,,,,,,,1,,,11,18,,2,1,,1,1,,1,1,,,,2,1,1,,,,,,,2,,,,,,,,,,,,,,,,,,1,1,,1,,1,1,,,1,,,
07,07 Chiapas,061,061 Ocozocoautla,0,0,0,0,0,0,1,1,0,0,1,1,0,0,,,,,,,,,,,,,,,,,,,,,,,,,,,,,,,,,,,,,,,,,,,,,,,,,,,,,,,,,,,,,,,,,,,,,,,,,,,,,,1,,,,,,,,,1,,,,,,,,,,,,,,,,,,,,,,,,,,,,,,,,,,,,,,,,,1,,,,,,1,,,,,,,,,,,,,,,,,,,,,,,,,,,,,,,
07,07 Chiapas,062,062 Ostuacan,0,1,0,0,2,3,2,2,1,0,0,1,0,0,,,,,,,,,,,,,,,,,1,,,,,,,,,,,,,,,,,,,,,,,,,,,,,,,,,1,1,,,,,,,,,,1,,,,,,,,,,,2,1,,,,,1,,,,,,,,,,,1,1,,,,,,,,,,,,,1,,,,,,,,,,,,,,,,,,,,,,,,,,,,,,1,,,,,,,,,,,,,,,,,,,,,,,,,,,,,,,,
07,07 Chiapas,065,065 Palenque,0,2,3,3,2,3,10,6,10,11,4,1,4,3,,,,,,,,,,,,,,,,,,2,,,,,,,,1,,,,2,,,,,,,,,,1,,,,,2,,,,,,,,,,,1,1,,,,,,1,1,,1,,,,,,,1,2,,,,1,1,1,3,,,1,,,,1,,1,,2,2,,,,2,3,3,,1,,,,,1,,,4,,3,1,1,,,1,1,,,,,,,,3,1,,,,,,,,1,,,,,,,,,,,,,,,,,,,4,,,,1,1,1,,,,,,
07,07 Chiapas,066,066 Pantelho,0,0,0,0,0,0,0,1,0,0,0,0,0,0,,,,,,,,,,,,,,,,,,,,,,,,,,,,,,,,,,,,,,,,,,,,,,,,,,,,,,,,,,,,,,,,,,,,,,,,,,,,,,,,,,,,,,,,,,1,,,,,,,,,,,,,,,,,,,,,,,,,,,,,,,,,,,,,,,,,,,,,,,,,,,,,,,,,,,,,,,,,,,,,,,,,,,
07,07 Chiapas,067,067 Pantepec,1,0,0,0,0,0,0,0,0,0,0,0,0,0,,,,,,,,,,,,1,,,,,,,,,,,,,,,,,,,,,,,,,,,,,,,,,,,,,,,,,,,,,,,,,,,,,,,,,,,,,,,,,,,,,,,,,,,,,,,,,,,,,,,,,,,,,,,,,,,,,,,,,,,,,,,,,,,,,,,,,,,,,,,,,,,,,,,,,,,,,,,,,,,,,,,,,
07,07 Chiapas,068,068 Pichucalco,44,12,25,8,8,32,12,8,5,7,11,12,9,2,,1,5,6,4,3,4,9,2,3,1,6,2,2,4,,2,1,,,,1,,,1,3,8,1,,2,2,3,5,,,,,,1,,4,2,,,,,,1,1,,2,3,1,,,,,1,,,1,2,1,2,,4,6,7,4,4,1,,,2,2,1,1,1,,1,1,1,1,1,5,2,,,,,,,,,,1,2,2,1,,,,,,,,,,,1,,,,,2,2,1,1,,,2,3,2,,3,,,,1,,,,2,,4,2,,1,,1,1,1,,,,1,2,3,1,1,,,,,,1,2,,,,,,,,
07,07 Chiapas,069,069 Pijijiapan,0,0,0,0,0,0,0,0,0,0,0,1,0,0,,,,,,,,,,,,,,,,,,,,,,,,,,,,,,,,,,,,,,,,,,,,,,,,,,,,,,,,,,,,,,,,,,,,,,,,,,,,,,,,,,,,,,,,,,,,,,,,,,,,,,,,,,,,,,,,,,,,,,,,,,,,,,,,,,,,,,,,,,,,,,,,1,,,,,,,,,,,,,,,,,,,,,
07,07 Chiapas,077,077 Salto De Agua,2,0,4,3,1,2,0,10,5,3,0,0,0,2,,,,,,1,,,1,,,,,,,,,,,,,,,,,,,1,,2,,,1,,,,,2,,,,,,,,,1,,,,,,,,,1,,,,,,,,1,1,,,,,,,,,,,,,,,,,,,,,,1,1,,3,3,,2,,,,,4,,,,,,1,,,,,,,1,,,,2,,,,,,,,,,,,,,,,,,,,,,,,,,,,,,,,,,,,,,,,,,1,1,,,,,,,
07,07 Chiapas,078,078 San Cristóbal,1,1,0,0,1,1,1,0,0,2,1,0,1,0,,,,1,,,,,,,,,,,,1,,,,,,,,,,,,,,,,,,,,,,,,,,,,,,,,,,,,,,,,,,,1,,,,,1,,,,,,,,,,,1,,,,,,,,,,,,,,,,,,,,,,,,,,,,,,,,,,1,,,,,1,,,,,,,1,,,,,,,,,,,,,,,,,,,,,,,,,,,1,,,,,,,,,,,,,,,,,
07,07 Chiapas,079,079 San Fernando,0,0,0,0,0,0,0,1,0,0,0,0,0,0,,,,,,,,,,,,,,,,,,,,,,,,,,,,,,,,,,,,,,,,,,,,,,,,,,,,,,,,,,,,,,,,,,,,,,,,,,,,,,,,,,,,,,,,1,,,,,,,,,,,,,,,,,,,,,,,,,,,,,,,,,,,,,,,,,,,,,,,,,,,,,,,,,,,,,,,,,,,,,,,,,,,,,
07,07 Chiapas,086,086 Suchiapa,0,0,0,0,0,0,0,1,0,0,0,0,2,0,,,,,,,,,,,,,,,,,,,,,,,,,,,,,,,,,,,,,,,,,,,,,,,,,,,,,,,,,,,,,,,,,,,,,,,,,,,,,,,,,,,,,,,,1,,,,,,,,,,,,,,,,,,,,,,,,,,,,,,,,,,,,,,,,,,,,,,,,,,,,,,,,,,,,,,,,,,1,,1,,,,,,,,,
07,07 Chiapas,088,088 Sunuapa,0,0,0,0,0,0,0,1,0,0,0,0,0,0,,,,,,,,,,,,,,,,,,,,,,,,,,,,,,,,,,,,,,,,,,,,,,,,,,,,,,,,,,,,,,,,,,,,,,,,,,,,,,,,,,,,,,1,,,,,,,,,,,,,,,,,,,,,,,,,,,,,,,,,,,,,,,,,,,,,,,,,,,,,,,,,,,,,,,,,,,,,,,,,,,,,,,
07,07 Chiapas,089,089 Tapachula,0,0,0,0,0,1,1,0,0,0,0,0,0,0,,,,,,,,,,,,,,,,,,,,,,,,,,,,,,,,,,,,,,,,,,,,,,,,,,,,,,,,,,,,,,,,,,,,,1,,,,,,,,,,1,,,,,,,,,,,,,,,,,,,,,,,,,,,,,,,,,,,,,,,,,,,,,,,,,,,,,,,,,,,,,,,,,,,,,,,,,,,,,,,,,,,,,,
07,07 Chiapas,091,091 Tapilula,0,0,0,0,0,0,0,0,0,1,0,0,0,0,,,,,,,,,,,,,,,,,,,,,,,,,,,,,,,,,,,,,,,,,,,,,,,,,,,,,,,,,,,,,,,,,,,,,,,,,,,,,,,,,,,,,,,,,,,,,,,,,,,,,,,,,,,,,,,,,,,,,,1,,,,,,,,,,,,,,,,,,,,,,,,,,,,,,,,,,,,,,,,,,,,,,,
07,07 Chiapas,092,092 Tecpatán,1,0,0,0,0,2,1,0,1,1,16,7,6,3,,,,,,,,,,,1,,,,,,,,,,,,,,,,,,,,,,,,,,,,,,,,,,,,,,,,,,,,,,,,,,,,,,,,,,,,,2,,,,,,1,,,,,,,,,,,,,,,,,,,,1,,,,,,,,,,,,,,,1,,,,,,,,,,,,1,,,13,2,,,,,4,1,1,,,,,1,,,,,,1,1,1,1,1,1,,,,,,,,3,,,,,
07,07 Chiapas,096,096 Tila,0,0,0,0,0,0,0,0,0,1,0,0,0,0,,,,,,,,,,,,,,,,,,,,,,,,,,,,,,,,,,,,,,,,,,,,,,,,,,,,,,,,,,,,,,,,,,,,,,,,,,,,,,,,,,,,,,,,,,,,,,,,,,,,,,,,,,,,,,1,,,,,,,,,,,,,,,,,,,,,,,,,,,,,,,,,,,,,,,,,,,,,,,,,,,,,,,
07,07 Chiapas,099,"099 Trinitaria, La",12,5,0,3,1,1,0,0,1,5,4,1,0,0,,1,,,1,,7,3,,,,,2,,,,3,,,,,,,,,,,,,,,,,,,,1,,1,,1,,,,,,,,,,,,,,1,,,,,,,,,,,,,1,,,,,,,,,,,,,,,,,,,,,,,,,,,,,1,,,,,,,,,,,,,,,,2,1,2,,,,,,,,2,,,,,1,,1,,,,,1,,,,,,,,,,,,,,,,,,,,,,,,,,,,,,
07,07 Chiapas,100,100 Tumbala,0,0,0,0,0,0,0,0,1,0,0,0,0,0,,,,,,,,,,,,,,,,,,,,,,,,,,,,,,,,,,,,,,,,,,,,,,,,,,,,,,,,,,,,,,,,,,,,,,,,,,,,,,,,,,,,,,,,,,,,,,,,,1,,,,,,,,,,,,,,,,,,,,,,,,,,,,,,,,,,,,,,,,,,,,,,,,,,,,,,,,,,,,,,,,,,,,
07,07 Chiapas,101,101 Tuxtla Gutiérrez,14,8,1,23,0,2,4,2,3,1,4,3,1,0,,3,,,2,,1,1,3,1,3,,1,1,,,1,4,,,1,,,,,,,,1,,,,,,,,1,,14,3,1,1,2,1,,,,,,,,,,,,,,,,,,1,,,,,,,,1,,,2,2,,,,,,,,,,,,,,,,,,1,,,,1,,,1,1,1,,,,,,,,,,,,,1,,,,,,,,1,,,2,1,,,,,,,,,1,,,,,1,,,,1,,,,,,,,,1,,,,,,,,,,,,
07,07 Chiapas,104,104 Tzimol,0,0,0,0,1,0,0,0,0,0,1,0,0,0,,,,,,,,,,,,,,,,,,,,,,,,,,,,,,,,,,,,,,,,,,,,,,,,,,,,1,,,,,,,,,,,,,,,,,,,,,,,,,,,,,,,,,,,,,,,,,,,,,,,,,,,,,,,,,,,,,,,,,,,,,,,,,,1,,,,,,,,,,,,,,,,,,,,,,,,,,,,,,,,,,,,,,,
07,07 Chiapas,106,106 Venustiano Carranza,0,0,0,0,0,2,0,1,0,0,0,1,0,0,,,,,,,,,,,,,,,,,,,,,,,,,,,,,,,,,,,,,,,,,,,,,,,,,,,,,,,,,,,,,,,,,,,,,,,2,,,,,,,,,,,,,,,,,1,,,,,,,,,,,,,,,,,,,,,,,,,,,,,,,,,,,,,,,,,,,,,,,1,,,,,,,,,,,,,,,,,,,,,,,,,,,,,,
07,07 Chiapas,107,107 Villa Corzo,0,0,0,0,0,0,1,2,31,0,0,0,0,0,,,,,,,,,,,,,,,,,,,,,,,,,,,,,,,,,,,,,,,,,,,,,,,,,,,,,,,,,,,,,,,,,,,,,,,,,,,,,,,1,,,,,,,,,2,,,,,,,,,28,3,,,,,,,,,,,,,,,,,,,,,,,,,,,,,,,,,,,,,,,,,,,,,,,,,,,,,,,,,,,,,,,,,,,
07,07 Chiapas,108,108 Villaflores,0,0,0,0,0,0,0,5,0,0,0,0,0,0,,,,,,,,,,,,,,,,,,,,,,,,,,,,,,,,,,,,,,,,,,,,,,,,,,,,,,,,,,,,,,,,,,,,,,,,,,,,,,,,,,,,,,,,2,1,1,,1,,,,,,,,,,,,,,,,,,,,,,,,,,,,,,,,,,,,,,,,,,,,,,,,,,,,,,,,,,,,,,,,,,,,,,,,,
07,07 Chiapas,109,109 Yajalón,0,0,0,0,0,0,0,1,1,0,0,0,0,0,,,,,,,,,,,,,,,,,,,,,,,,,,,,,,,,,,,,,,,,,,,,,,,,,,,,,,,,,,,,,,,,,,,,,,,,,,,,,,,,,,,,,,1,,,,,,,,,,,,,,,,,,,,1,,,,,,,,,,,,,,,,,,,,,,,,,,,,,,,,,,,,,,,,,,,,,,,,,,,,,,,,,,,
07,07 Chiapas,110,110 San Lucas,0,0,0,0,0,0,0,0,0,0,1,0,0,0,,,,,,,,,,,,,,,,,,,,,,,,,,,,,,,,,,,,,,,,,,,,,,,,,,,,,,,,,,,,,,,,,,,,,,,,,,,,,,,,,,,,,,,,,,,,,,,,,,,,,,,,,,,,,,,,,,,,,,,,,,,,,,,,,,,1,,,,,,,,,,,,,,,,,,,,,,,,,,,,,,,,,,
07,07 Chiapas,114,114 Benemérito De Las Américas,0,0,5,1,0,0,0,0,1,1,0,0,0,0,,,,,,,,,,,,,,,,,,,,,,,,,,,,,2,,,3,,,,,,,,,1,,,,,,,,,,,,,,,,,,,,,,,,,,,,,,,,,,,,,,,,,,,,,,,,,,,,,,,,,1,,,,,,,,,,,,,,,,,,1,,,,,,,,,,,,,,,,,,,,,,,,,,,,,,,,,,,,,,,,,,,,,,,,,
07,07 Chiapas,115,115 Maravilla Tenejapa,5,0,8,7,3,11,3,13,14,8,2,1,1,4,1,1,,,,,,,2,1,,,,,,,,,,,,,,,,,,,,,,8,,,,,2,,1,,3,,,1,,,,,,,1,,,,1,,,1,,,,,,,2,,5,1,,3,,,,,,,,,,1,2,,,,4,,,,1,1,,3,3,,1,,1,,1,,,1,,6,5,,,,,2,1,1,,1,,1,1,1,,,,,1,,1,,,,,,,,1,,,,,,,,,,,,,,,,,1,,,,,,,2,1,,,,1,,,
07,07 Chiapas,116,116 Marquez De Comillas,0,0,8,1,0,0,0,0,0,1,0,0,0,0,,,,,,,,,,,,,,,,,,,,,,,,,,,,3,,,,2,,3,,,,,,,1,,,,,,,,,,,,,,,,,,,,,,,,,,,,,,,,,,,,,,,,,,,,,,,,,,,,,,,,,,,,,,,,,,,,,,,1,,,,,,,,,,,,,,,,,,,,,,,,,,,,,,,,,,,,,,,,,,,,,,,,,,,,,
09,09 Distrito Federal,002,002 Azcapotzalco,0,0,0,0,0,0,0,0,0,0,0,0,0,1,,,,,,,,,,,,,,,,,,,,,,,,,,,,,,,,,,,,,,,,,,,,,,,,,,,,,,,,,,,,,,,,,,,,,,,,,,,,,,,,,,,,,,,,,,,,,,,,,,,,,,,,,,,,,,,,,,,,,,,,,,,,,,,,,,,,,,,,,,,,,,,,,,,,,,,,,,,,,,,,1,,,,,
09,09 Distrito Federal,012,012 Tlalpan,0,0,1,0,0,0,0,0,0,0,0,0,0,0,,,,,,,,,,,,,,,,,,,,,,,,,,,,,,1,,,,,,,,,,,,,,,,,,,,,,,,,,,,,,,,,,,,,,,,,,,,,,,,,,,,,,,,,,,,,,,,,,,,,,,,,,,,,,,,,,,,,,,,,,,,,,,,,,,,,,,,,,,,,,,,,,,,,,,,,,,,,,,,,,,,,,,
09,09 Distrito Federal,015,015 Cuauhtémoc,0,0,0,0,0,0,0,0,0,1,0,0,0,0,,,,,,,,,,,,,,,,,,,,,,,,,,,,,,,,,,,,,,,,,,,,,,,,,,,,,,,,,,,,,,,,,,,,,,,,,,,,,,,,,,,,,,,,,,,,,,,,,,,,,,,,,,,,,,,,,,,,,,,1,,,,,,,,,,,,,,,,,,,,,,,,,,,,,,,,,,,,,,,,,,,,,,
10,10 Durango,005,005 Durango,0,0,0,0,0,0,1,1,0,0,0,0,0,0,,,,,,,,,,,,,,,,,,,,,,,,,,,,,,,,,,,,,,,,,,,,,,,,,,,,,,,,,,,,,,,,,,,,,,,,,,,,1,,,,,,,,,1,,,,,,,,,,,,,,,,,,,,,,,,,,,,,,,,,,,,,,,,,,,,,,,,,,,,,,,,,,,,,,,,,,,,,,,,,,,,,,,,
12,12 Guerrero,001,001 Acapulco De Juárez,0,0,0,0,0,0,0,0,0,1,0,0,0,0,,,,,,,,,,,,,,,,,,,,,,,,,,,,,,,,,,,,,,,,,,,,,,,,,,,,,,,,,,,,,,,,,,,,,,,,,,,,,,,,,,,,,,,,,,,,,,,,,,,,,,,,,,,,,,,,,1,,,,,,,,,,,,,,,,,,,,,,,,,,,,,,,,,,,,,,,,,,,,,,,,,,,,
12,12 Guerrero,022,022 Coyuca De Catalán,0,0,0,0,0,0,0,0,0,0,0,0,0,1,,,,,,,,,,,,,,,,,,,,,,,,,,,,,,,,,,,,,,,,,,,,,,,,,,,,,,,,,,,,,,,,,,,,,,,,,,,,,,,,,,,,,,,,,,,,,,,,,,,,,,,,,,,,,,,,,,,,,,,,,,,,,,,,,,,,,,,,,,,,,,,,,,,,,,,,,,,,,,,,1,,,,,
12,12 Guerrero,028,028 Chilapa De Álvarez,0,0,0,0,0,1,0,0,0,0,0,0,0,0,,,,,,,,,,,,,,,,,,,,,,,,,,,,,,,,,,,,,,,,,,,,,,,,,,,,,,,,,,,,,,1,,,,,,,,,,,,,,,,,,,,,,,,,,,,,,,,,,,,,,,,,,,,,,,,,,,,,,,,,,,,,,,,,,,,,,,,,,,,,,,,,,,,,,,,,,,,,,,,,,,,,,,
13,13 Hidalgo,067,067 Tezontepec De Aldama,0,0,0,0,0,0,0,0,1,0,0,0,0,0,,,,,,,,,,,,,,,,,,,,,,,,,,,,,,,,,,,,,,,,,,,,,,,,,,,,,,,,,,,,,,,,,,,,,,,,,,,,,,,,,,,,,,,,,,,,,,,,,,,,,,,,,1,,,,,,,,,,,,,,,,,,,,,,,,,,,,,,,,,,,,,,,,,,,,,,,,,,,,,,,,,,,,
14,14 Jalisco,008,008 Arandas,0,0,0,0,0,0,1,0,0,0,0,0,0,0,,,,,,,,,,,,,,,,,,,,,,,,,,,,,,,,,,,,,,,,,,,,,,,,,,,,,,,,,,,,,,,,,,,,,,,,,,,,,,,,,,,,1,,,,,,,,,,,,,,,,,,,,,,,,,,,,,,,,,,,,,,,,,,,,,,,,,,,,,,,,,,,,,,,,,,,,,,,,,,,,,,,,,
14,14 Jalisco,019,019 Bolanos,0,0,0,0,0,0,0,1,0,0,0,0,0,0,,,,,,,,,,,,,,,,,,,,,,,,,,,,,,,,,,,,,,,,,,,,,,,,,,,,,,,,,,,,,,,,,,,,,,,,,,,,,,,,,,,,,,,,1,,,,,,,,,,,,,,,,,,,,,,,,,,,,,,,,,,,,,,,,,,,,,,,,,,,,,,,,,,,,,,,,,,,,,,,,,,,,,
14,14 Jalisco,039,039 Guadalajara,0,0,0,0,1,0,0,0,0,0,0,0,0,0,,,,,,,,,,,,,,,,,,,,,,,,,,,,,,,,,,,,,,,,,,,,,,,,,,,,,,,,,,1,,,,,,,,,,,,,,,,,,,,,,,,,,,,,,,,,,,,,,,,,,,,,,,,,,,,,,,,,,,,,,,,,,,,,,,,,,,,,,,,,,,,,,,,,,,,,,,,,,,,,,,,,,,
14,14 Jalisco,058,058 Mascota,1,0,0,0,0,0,0,0,0,0,0,0,0,0,,,1,,,,,,,,,,,,,,,,,,,,,,,,,,,,,,,,,,,,,,,,,,,,,,,,,,,,,,,,,,,,,,,,,,,,,,,,,,,,,,,,,,,,,,,,,,,,,,,,,,,,,,,,,,,,,,,,,,,,,,,,,,,,,,,,,,,,,,,,,,,,,,,,,,,,,,,,,,,,,,,,,,
14,14 Jalisco,067,067 Puerto Vallarta,0,0,0,0,0,0,1,0,0,0,0,0,0,0,,,,,,,,,,,,,,,,,,,,,,,,,,,,,,,,,,,,,,,,,,,,,,,,,,,,,,,,,,,,,,,,,,,,,,,,,,,,,,,1,,,,,,,,,,,,,,,,,,,,,,,,,,,,,,,,,,,,,,,,,,,,,,,,,,,,,,,,,,,,,,,,,,,,,,,,,,,,,,,,,,,,,,
14,14 Jalisco,080,080 San Sebastián Del Oeste,0,0,0,0,0,0,1,1,0,0,0,1,0,0,,,,,,,,,,,,,,,,,,,,,,,,,,,,,,,,,,,,,,,,,,,,,,,,,,,,,,,,,,,,,,,,,,,,,,,,,,,,,,,,,,,1,,,,1,,,,,,,,,,,,,,,,,,,,,,,,,,,,,,,,,,,,,,,,,,,,,,,,,,,,,,,,,1,,,,,,,,,,,,,,,,,,,,,
14,14 Jalisco,120,120 Zapopan,0,0,0,0,0,0,0,0,0,0,0,1,0,0,,,,,,,,,,,,,,,,,,,,,,,,,,,,,,,,,,,,,,,,,,,,,,,,,,,,,,,,,,,,,,,,,,,,,,,,,,,,,,,,,,,,,,,,,,,,,,,,,,,,,,,,,,,,,,,,,,,,,,,,,,,,,,,,,,,,,,,,,,,,,,1,,,,,,,,,,,,,,,,,,,,,,,
15,15 México,001,001 Acambay,0,0,0,0,0,0,0,0,0,0,0,1,0,0,,,,,,,,,,,,,,,,,,,,,,,,,,,,,,,,,,,,,,,,,,,,,,,,,,,,,,,,,,,,,,,,,,,,,,,,,,,,,,,,,,,,,,,,,,,,,,,,,,,,,,,,,,,,,,,,,,,,,,,,,,,,,,,,,,,,,,,,,1,,,,,,,,,,,,,,,,,,,,,,,,,,,,
16,16 Michoacán,053,053 Morelia,0,0,0,0,0,0,0,0,0,0,0,0,1,0,,,,,,,,,,,,,,,,,,,,,,,,,,,,,,,,,,,,,,,,,,,,,,,,,,,,,,,,,,,,,,,,,,,,,,,,,,,,,,,,,,,,,,,,,,,,,,,,,,,,,,,,,,,,,,,,,,,,,,,,,,,,,,,,,,,,,,,,,,,,,,,,,,1,,,,,,,,,,,,,,,,,,,
18,18 Nayarit,004,004 Compostela,3,5,2,1,0,14,10,20,8,3,8,19,5,2,1,,,1,,,,1,,,,,,,2,,,1,,,,2,,,,,,,2,,,,,,,,,,,,,,,1,,,,,,,,,,,,,,,,,,,1,2,1,,6,,,3,1,,,1,,,,,6,2,,,1,,,1,3,,1,1,,,3,,,11,,,1,,,,,,,,,7,,,1,,,1,,,,1,,,,,,,2,3,1,,,,,2,,,,,,,6,3,4,,2,4,,,,,1,,,,,3,,1,,,,1,1,,,,
18,18 Nayarit,008,008 Xalisco,3,14,6,4,1,3,0,0,3,3,0,0,0,0,,,1,,1,,,,1,,,,,4,1,,,,4,,3,1,,1,,,,,,,,,1,,5,,,,,,,2,2,,,,,,1,,,,,,,,,,,,,,,,,,1,,1,1,,,,,,,,,,,,,,,,,,,,,,,,,,,,,,,,,,1,,2,,,2,,,,,,,,,,,1,,,,,,,,,,,,,,,,,,,,,,,,,,,,,,,,,,,,,,,,,,,,,
18,18 Nayarit,009,009 El Nayar,0,0,1,0,0,0,2,0,0,0,0,0,0,0,,,,,,,,,,,,,,,,,,,,,,,,,,,,,1,,,,,,,,,,,,,,,,,,,,,,,,,,,,,,,,,,,,,,,,,,,,,,,,1,1,,,,,,,,,,,,,,,,,,,,,,,,,,,,,,,,,,,,,,,,,,,,,,,,,,,,,,,,,,,,,,,,,,,,,,,,,,,,,,,,,,,,,,,
18,18 Nayarit,010,010 Rosamorada,3,1,0,0,0,0,0,0,1,0,1,3,0,0,,,,,,,,,,3,,,,,,,,,1,,,,,,,,,,,,,,,,,,,,,,,,,,,,,,,,,,,,,,,,,,,,,,,,,,,,,,,,,,,,,,,,,,,,,,,,,,,,,,,,,,1,,,,,,,,,,,,,,,,,,,,,,,,,,,1,,,,,,,,,1,1,1,,,,,,,,,,,,,,,,,,,,,,,,,,
18,18 Nayarit,011,011 Ruíz,4,12,8,16,15,20,14,7,8,5,5,49,13,1,,,,,,,,,3,1,,,,2,1,,,,3,,3,3,,,,,,,,,8,,,,,,,10,1,,2,,,,3,,,,,,,1,,1,2,4,2,,2,3,,,5,,1,1,1,6,4,2,,,1,3,,,,,4,1,,,,5,1,,,1,,,,2,2,,,1,1,,,,,,2,5,,,,,1,1,,,,1,,,,,1,1,,1,,,,1,,3,,,,,,,,,6,14,9,16,,3,1,,7,,3,,,,,3,,,,,,,,,1,,,,
18,18 Nayarit,012,012 San Blas,1,1,1,0,0,4,0,2,1,0,0,0,0,0,,1,,,,,,,,,,,,,,,,,1,,,,,,,,,,1,,,,,,,,,,,,,,,,,,,,,,,,,,,,,,,,,,,,,,3,,1,,,,,,,,,,,,,,,,,1,,,,,,,1,,,,,,,,1,,,,,,,,,,,,,,,,,,,,,,,,,,,,,,,,,,,,,,,,,,,,,,,,,,,,,,,,,,,,,,,,
18,18 Nayarit,013,013 San Pedro Lagunillas,0,0,0,0,0,1,0,0,0,0,0,0,0,0,,,,,,,,,,,,,,,,,,,,,,,,,,,,,,,,,,,,,,,,,,,,,,,,,,,,,,,,,,,,,,,,,,,,,,1,,,,,,,,,,,,,,,,,,,,,,,,,,,,,,,,,,,,,,,,,,,,,,,,,,,,,,,,,,,,,,,,,,,,,,,,,,,,,,,,,,,,,,,,,,,,,,,
18,18 Nayarit,015,015 Santiago Ixcuintla,2,1,0,0,0,1,1,0,1,0,0,1,0,0,,,,,2,,,,,,,,,,1,,,,,,,,,,,,,,,,,,,,,,,,,,,,,,,,,,,,,,,,,,,,,,,,,,,,,,,,1,,,,,,,,,1,,,,,,,,,,,,,,,,,,,,,,,,1,,,,,,,,,,,,,,,,,,,,,,,,,,,,,,,,,1,,,,,,,,,,,,,,,,,,,,,,,,,,,,
18,18 Nayarit,017,017 Tepic,3,4,2,2,0,4,2,1,1,1,1,3,3,1,,,,,,,,,1,2,,,,,1,,,,,,,,1,2,,,,,,,,,,,2,,,,,,,,1,,1,,,,,,,,,,,,,,,,,,,,1,,2,1,,,,,,,,,2,,,,,,,,,,1,,,,,,,,,,,,,,1,,,,,,,,,,,,,,,,,,,1,1,,,,,,,,,,,,,,,,,,,,,3,,,,,,1,,1,1,,,,,,,,1,,,,,,
18,18 Nayarit,018,018 Tuxpan,0,0,0,0,0,0,0,0,0,0,0,0,1,0,,,,,,,,,,,,,,,,,,,,,,,,,,,,,,,,,,,,,,,,,,,,,,,,,,,,,,,,,,,,,,,,,,,,,,,,,,,,,,,,,,,,,,,,,,,,,,,,,,,,,,,,,,,,,,,,,,,,,,,,,,,,,,,,,,,,,,,,,,,,,,,,,,,,,,,,1,,,,,,,,,,,,,
18,18 Nayarit,019,019 La Yesca,0,0,1,0,0,0,0,0,0,0,0,0,1,0,,,,,,,,,,,,,,,,,,,,,,,,,,,,,,,,1,,,,,,,,,,,,,,,,,,,,,,,,,,,,,,,,,,,,,,,,,,,,,,,,,,,,,,,,,,,,,,,,,,,,,,,,,,,,,,,,,,,,,,,,,,,,,,,,,,,,,,,,,,,,,,,,,,,,,,,,1,,,,,,,,,,,,,
19,19 Nuevo León,039,039 Monterrey,0,0,0,0,0,0,1,0,0,0,0,0,0,1,,,,,,,,,,,,,,,,,,,,,,,,,,,,,,,,,,,,,,,,,,,,,,,,,,,,,,,,,,,,,,,,,,,,,,,,,,,,,,,,,,,,1,,,,,,,,,,,,,,,,,,,,,,,,,,,,,,,,,,,,,,,,,,,,,,,,,,,,,,,,,,,,,,,,,,,,,,,,,,,,,,,1,,
20,20 Oaxaca,010,010 Barrio De La Soledad El,0,0,0,0,0,0,0,0,0,4,0,0,0,0,,,,,,,,,,,,,,,,,,,,,,,,,,,,,,,,,,,,,,,,,,,,,,,,,,,,,,,,,,,,,,,,,,,,,,,,,,,,,,,,,,,,,,,,,,,,,,,,,,,,,,,,,,,,,1,1,1,,1,,,,,,,,,,,,,,,,,,,,,,,,,,,,,,,,,,,,,,,,,,,,,,,,,,,,
20,20 Oaxaca,014,014 Ciudad Ixtepec,0,0,0,0,0,1,0,0,0,0,0,0,0,0,,,,,,,,,,,,,,,,,,,,,,,,,,,,,,,,,,,,,,,,,,,,,,,,,,,,,,,,,,,,,,,,1,,,,,,,,,,,,,,,,,,,,,,,,,,,,,,,,,,,,,,,,,,,,,,,,,,,,,,,,,,,,,,,,,,,,,,,,,,,,,,,,,,,,,,,,,,,,,,,,,,,,,
20,20 Oaxaca,031,031 Tamazulapam Del Espiritu Santo,0,0,0,0,0,0,0,0,2,0,0,0,0,0,,,,,,,,,,,,,,,,,,,,,,,,,,,,,,,,,,,,,,,,,,,,,,,,,,,,,,,,,,,,,,,,,,,,,,,,,,,,,,,,,,,,,,,,,,,,,,,,,,,,,,,,,,1,1,,,,,,,,,,,,,,,,,,,,,,,,,,,,,,,,,,,,,,,,,,,,,,,,,,,,,,,,,,
20,20 Oaxaca,043,043 Juchitán De Zaragoza,0,0,0,0,0,0,1,0,0,1,0,0,0,0,,,,,,,,,,,,,,,,,,,,,,,,,,,,,,,,,,,,,,,,,,,,,,,,,,,,,,,,,,,,,,,,,,,,,,,,,,,,,,,,,,,1,,,,,,,,,,,,,,,,,,,,,,,,,,1,,,,,,,,,,,,,,,,,,,,,,,,,,,,,,,,,,,,,,,,,,,,,,,,,,,,,,,,
20,20 Oaxaca,057,057 Matias Romero,0,0,0,0,0,0,1,0,0,4,0,0,0,0,,,,,,,,,,,,,,,,,,,,,,,,,,,,,,,,,,,,,,,,,,,,,,,,,,,,,,,,,,,,,,,,,,,,,,,,,,,,1,,,,,,,,,,,,,,,,,,,,,,,,,,,,,,,,,,1,2,1,,,,,,,,,,,,,,,,,,,,,,,,,,,,,,,,,,,,,,,,,,,,,,,,,,,,,
20,20 Oaxaca,067,067 Oaxaca De Juárez,0,0,0,0,1,0,2,0,0,0,0,0,0,0,,,,,,,,,,,,,,,,,,,,,,,,,,,,,,,,,,,,,,,,,,,,,,,,,,,,,,,,,,,1,,,,,,,,,,,,,,,,,,,,,,,,1,1,,,,,,,,,,,,,,,,,,,,,,,,,,,,,,,,,,,,,,,,,,,,,,,,,,,,,,,,,,,,,,,,,,,,,,,,,,,,,,,,,
20,20 Oaxaca,115,115 San Bartolo Coyotepec,0,0,0,0,0,0,0,0,0,1,0,0,0,2,,,,,,,,,,,,,,,,,,,,,,,,,,,,,,,,,,,,,,,,,,,,,,,,,,,,,,,,,,,,,,,,,,,,,,,,,,,,,,,,,,,,,,,,,,,,,,,,,,,,,,,,,,,,,,,,,,1,,,,,,,,,,,,,,,,,,,,,,,,,,,,,,,,,,,,,,,,,,,,,1,1,,,,,
20,20 Oaxaca,124,124 San Blas Atempa,0,0,0,0,0,0,0,0,0,1,0,0,0,0,,,,,,,,,,,,,,,,,,,,,,,,,,,,,,,,,,,,,,,,,,,,,,,,,,,,,,,,,,,,,,,,,,,,,,,,,,,,,,,,,,,,,,,,,,,,,,,,,,,,,,,,,,,,,,1,,,,,,,,,,,,,,,,,,,,,,,,,,,,,,,,,,,,,,,,,,,,,,,,,,,,,,,
20,20 Oaxaca,190,190 San Juan Cotzocon,0,0,0,0,0,0,1,0,0,0,0,0,0,0,,,,,,,,,,,,,,,,,,,,,,,,,,,,,,,,,,,,,,,,,,,,,,,,,,,,,,,,,,,,,,,,,,,,,,,,,,,,,,,,,1,,,,,,,,,,,,,,,,,,,,,,,,,,,,,,,,,,,,,,,,,,,,,,,,,,,,,,,,,,,,,,,,,,,,,,,,,,,,,,,,,,,,
20,20 Oaxaca,198,198 San Juan Guichicovi,0,0,0,0,0,0,7,0,0,3,0,0,0,0,,,,,,,,,,,,,,,,,,,,,,,,,,,,,,,,,,,,,,,,,,,,,,,,,,,,,,,,,,,,,,,,,,,,,,,,,,,5,,,,,,1,,1,,,,,,,,,,,,,,,,,,,,,,,,,,1,,2,,,,,,,,,,,,,,,,,,,,,,,,,,,,,,,,,,,,,,,,,,,,,,,,,,,,,,
20,20 Oaxaca,207,207 San Juan Mazatlán,0,0,0,0,1,0,2,0,0,0,0,0,0,0,,,,,,,,,,,,,,,,,,,,,,,,,,,,,,,,,,,,,,,,,,,,,,,,,,,,,1,,,,,,,,,,,,,,,,,,,,,,,2,,,,,,,,,,,,,,,,,,,,,,,,,,,,,,,,,,,,,,,,,,,,,,,,,,,,,,,,,,,,,,,,,,,,,,,,,,,,,,,,,,,,,,,,,
20,20 Oaxaca,407,407 Santa María Chimalapa,0,0,0,0,0,0,1,0,0,0,0,0,0,0,,,,,,,,,,,,,,,,,,,,,,,,,,,,,,,,,,,,,,,,,,,,,,,,,,,,,,,,,,,,,,,,,,,,,,,,,,,,,,,,,,,,1,,,,,,,,,,,,,,,,,,,,,,,,,,,,,,,,,,,,,,,,,,,,,,,,,,,,,,,,,,,,,,,,,,,,,,,,,,,,,,,,,
20,20 Oaxaca,470,470 Santiago Lachiguiri,0,0,0,0,0,0,0,0,0,4,0,0,0,0,,,,,,,,,,,,,,,,,,,,,,,,,,,,,,,,,,,,,,,,,,,,,,,,,,,,,,,,,,,,,,,,,,,,,,,,,,,,,,,,,,,,,,,,,,,,,,,,,,,,,,,,,,,,,4,,,,,,,,,,,,,,,,,,,,,,,,,,,,,,,,,,,,,,,,,,,,,,,,,,,,,,,,
20,20 Oaxaca,472,472 Santiago Laollaga,0,0,0,0,0,0,0,0,0,0,1,0,0,0,,,,,,,,,,,,,,,,,,,,,,,,,,,,,,,,,,,,,,,,,,,,,,,,,,,,,,,,,,,,,,,,,,,,,,,,,,,,,,,,,,,,,,,,,,,,,,,,,,,,,,,,,,,,,,,,,,,,,,,,,,,,,,,,1,,,,,,,,,,,,,,,,,,,,,,,,,,,,,,,,,,,,,
20,20 Oaxaca,513,513 Santo Domingo Petapa,0,0,0,0,0,0,0,0,2,0,0,0,0,0,,,,,,,,,,,,,,,,,,,,,,,,,,,,,,,,,,,,,,,,,,,,,,,,,,,,,,,,,,,,,,,,,,,,,,,,,,,,,,,,,,,,,,,,,,,,,,,,,,,,,,2,,,,,,,,,,,,,,,,,,,,,,,,,,,,,,,,,,,,,,,,,,,,,,,,,,,,,,,,,,,,,,,
20,20 Oaxaca,525,525 Santo Domingo Zanatepec,0,0,0,0,0,0,0,0,0,1,0,0,0,0,,,,,,,,,,,,,,,,,,,,,,,,,,,,,,,,,,,,,,,,,,,,,,,,,,,,,,,,,,,,,,,,,,,,,,,,,,,,,,,,,,,,,,,,,,,,,,,,,,,,,,,,,,,,,1,,,,,,,,,,,,,,,,,,,,,,,,,,,,,,,,,,,,,,,,,,,,,,,,,,,,,,,,
20,20 Oaxaca,557,557 Unión Hidalgo,0,0,0,0,0,0,0,0,0,1,0,0,0,0,,,,,,,,,,,,,,,,,,,,,,,,,,,,,,,,,,,,,,,,,,,,,,,,,,,,,,,,,,,,,,,,,,,,,,,,,,,,,,,,,,,,,,,,,,,,,,,,,,,,,,,,,,,,,,,1,,,,,,,,,,,,,,,,,,,,,,,,,,,,,,,,,,,,,,,,,,,,,,,,,,,,,,
21,21 Puebla,114,114 Puebla,0,0,0,0,1,0,0,0,1,0,0,0,0,0,,,,,,,,,,,,,,,,,,,,,,,,,,,,,,,,,,,,,,,,,,,,,,,,,,1,,,,,,,,,,,,,,,,,,,,,,,,,,,,,,,,,,,,,,,,,,,,,,,,,,,,,,,,,1,,,,,,,,,,,,,,,,,,,,,,,,,,,,,,,,,,,,,,,,,,,,,,,,,,,,,,,,,,
22,22 Querétaro,014,014 Querétaro,0,0,0,0,0,0,0,0,0,0,1,0,0,0,,,,,,,,,,,,,,,,,,,,,,,,,,,,,,,,,,,,,,,,,,,,,,,,,,,,,,,,,,,,,,,,,,,,,,,,,,,,,,,,,,,,,,,,,,,,,,,,,,,,,,,,,,,,,,,,,,,,,,,,,,,,,,,,,1,,,,,,,,,,,,,,,,,,,,,,,,,,,,,,,,,,,,
23,23 Quintana Roo,002,002 Felipe Carrillo Puerto,45,38,21,21,36,56,13,10,22,47,115,34,56,3,4,8,10,6,14,3,,,,,,,1,3,5,11,6,2,5,4,1,,,,2,4,3,3,3,2,,2,1,,1,,2,5,1,1,7,4,,,1,,,,3,5,13,5,1,2,2,1,1,1,1,1,4,10,12,8,8,4,3,4,1,2,,,1,2,2,3,2,2,,1,,,,,1,,1,4,,2,,1,1,,,,2,3,3,6,4,3,,,1,,,,,4,6,1,9,13,,4,,5,,5,12,22,14,25,18,14,6,4,,,,,1,2,,3,11,1,3,7,2,,,4,2,4,18,15,6,5,6,,,,,,,1,,1,1,,,,
23,23 Quintana Roo,003,003 Isla Mujeres,0,0,0,0,0,0,0,0,1,1,0,0,0,0,,,,,,,,,,,,,,,,,,,,,,,,,,,,,,,,,,,,,,,,,,,,,,,,,,,,,,,,,,,,,,,,,,,,,,,,,,,,,,,,,,,,,,,,,,,,,,,,,,,,,,1,,,,,,,,,,,1,,,,,,,,,,,,,,,,,,,,,,,,,,,,,,,,,,,,,,,,,,,,,,,,,,,,
23,23 Quintana Roo,004,004 Othon P. Blanco,319,126,149,275,251,53,40,42,50,100,88,21,21,17,3,34,38,60,59,62,28,17,8,9,1,,7,13,22,19,18,20,9,4,6,2,3,3,15,14,25,23,24,18,16,9,3,2,,,5,31,35,25,46,40,21,31,13,13,10,5,26,20,24,38,35,30,24,21,14,8,7,4,8,3,4,3,12,6,4,5,2,4,2,,6,5,5,8,1,4,5,4,,,2,,3,3,1,4,6,10,8,,5,2,,,3,2,3,5,13,8,4,8,2,1,,1,,12,10,13,32,11,9,4,3,2,,4,9,8,15,24,15,10,5,2,,,,,1,1,3,2,3,4,3,1,,,,3,2,1,1,,1,6,2,1,5,1,1,,1,1,1,5,2,6,1,,
23,23 Quintana Roo,005,005 Benito Juárez,13,7,6,13,28,31,7,3,10,9,8,2,6,0,,2,1,2,1,2,2,,2,1,,,,,1,2,,2,1,1,,,,,,,1,1,2,,,1,,,1,,1,2,,,4,,2,3,,1,,,3,5,3,,3,1,2,4,3,3,1,,3,,1,2,8,3,2,,3,1,8,,1,1,3,1,,1,,,,,,,,,,,,,,1,2,,,,3,,,,1,2,,,,,1,3,,,1,2,,,2,3,1,,,,,,,2,3,1,1,,1,,,,,,,,2,,,,,,,,,1,,,1,,1,,1,2,,,,,,,,,,,
23,23 Quintana Roo,006,006 José María Morelos,8,7,2,3,19,23,2,5,4,0,17,16,35,16,1,1,,1,2,2,,,,1,,,,,1,2,2,,1,,,,1,,,,1,,1,,,,,,,,1,,,,,,1,,,1,,,1,3,1,3,5,1,2,2,1,,,,,2,4,6,4,4,2,,1,,,,,2,,,,,,,,,,,,,2,,,,2,1,,,,,,,1,,1,,,,,,1,1,,,,,,,,,,,,,,,2,10,4,,1,,,,,,1,,,1,2,2,8,,1,,,1,2,7,9,9,3,4,1,,,,,,3,,1,,4,4,4,,
23,23 Quintana Roo,007,007 Lázaro Cárdenas,7,3,2,0,5,13,1,1,5,3,10,1,1,0,,,1,1,1,1,2,,,1,,,1,,,,1,,,,1,,,,,,,1,,,,1,,,,,,,,,,,,,,,,,1,,,1,,1,1,,1,,,,,,,8,3,2,,,,,,,,,,,,1,,,,,,,,,1,,,,,,,,,,,1,2,1,,1,,,,,,,,2,,,,,,,,,,1,,,1,5,2,1,1,,,,,,,,,1,,,,,,,,,,,,,,,1,,,,,,,,,,,,,,
23,23 Quintana Roo,008,008 Solidaridad,8,5,2,9,11,19,1,2,2,2,4,2,4,0,,1,,2,1,,1,3,,,,,1,,1,,1,,,,,1,,1,,,,,1,1,,,,,,,1,,,2,3,,2,,,1,,,1,,1,,2,,3,1,1,,,2,,2,,2,3,5,,5,,,1,1,,,,,,,,1,,,,,,,,,,,,,1,,1,,,,,,2,,,,,,,,,,,,,,,1,,,,1,,,2,1,,1,,,,,,,,,1,1,,,,,,,,,1,,,2,,,1,,,,,,,,,,,,,,
23,23 Quintana Roo,009,009 Tulum,0,0,0,0,0,0,0,1,10,7,25,4,1,0,,,,,,,,,,,,,,,,,,,,,,,,,,,,,,,,,,,,,,,,,,,,,,,,,,,,,,,,,,,,,,,,,,,,,,,,,,,,,,,,,,,,,,,,,,,,,,,,1,2,,,,4,,,3,,1,,,,1,,,1,2,2,,,,,1,,,3,9,4,7,2,,,,,,,,,2,1,1,,,,,,,,,,,,,1,,,,,,,,,,,,,,
23,23 Quintana Roo,010,010 BACALAR,0,0,0,0,0,0,0,0,0,55,31,7,5,4,,,,,,,,,,,,,,,,,,,,,,,,,,,,,,,,,,,,,,,,,,,,,,,,,,,,,,,,,,,,,,,,,,,,,,,,,,,,,,,,,,,,,,,,,,,,,,,,,,,,,,,,,,,,,,3,4,15,14,8,6,4,,,,1,2,9,3,3,11,1,,,2,,,,,,,,,2,,3,,,1,1,,1,,1,,2,,,1,,,,,1,,1,1,1,,,
24,24 San Luis Potosí,013,013 Ciudad Valles,0,0,0,0,0,0,0,0,0,0,0,1,0,0,,,,,,,,,,,,,,,,,,,,,,,,,,,,,,,,,,,,,,,,,,,,,,,,,,,,,,,,,,,,,,,,,,,,,,,,,,,,,,,,,,,,,,,,,,,,,,,,,,,,,,,,,,,,,,,,,,,,,,,,,,,,,,,,,,,,,,,,,,,,,,1,,,,,,,,,,,,,,,,,,,,,,,
25,25 Sinaloa,004,004 Concordia,0,0,0,1,1,0,0,0,0,0,0,0,0,0,,,,,,,,,,,,,,,,,,,,,,,,,,,,,,,,,,,,,,,,,,,,1,,,,,,,,,,,,,1,,,,,,,,,,,,,,,,,,,,,,,,,,,,,,,,,,,,,,,,,,,,,,,,,,,,,,,,,,,,,,,,,,,,,,,,,,,,,,,,,,,,,,,,,,,,,,,,,,,,,,,,,,,,
25,25 Sinaloa,006,006 Culiacán,0,0,0,0,0,0,0,0,1,0,0,0,1,0,,,,,,,,,,,,,,,,,,,,,,,,,,,,,,,,,,,,,,,,,,,,,,,,,,,,,,,,,,,,,,,,,,,,,,,,,,,,,,,,,,,,,,,,,,,,,,,,,,,,,,,,1,,,,,,,,,,,,,,,,,,,,,,,,,,,,,,,,,,,,,,,,,,,,,,,,,1,,,,,,,,,,,,
25,25 Sinaloa,012,012 Mazatlán,24,1,1,8,7,5,2,4,0,2,1,0,1,0,,,,,6,5,8,,5,,,,,,,,,1,,,,,,,,,,,,,,,1,,,,,,,,,2,3,1,,2,,,,,1,,,1,3,1,,,1,,,1,2,,1,,,,,,1,,,,,,,,1,1,,,,,,,1,,,,,,,3,,,,,,,,,,,,,,,,,,,,,,,,,1,1,,,1,,,,,,,,,,,,,,,,,,,,,,,,,,,,1,,,,,,,,,,,,,,
25,25 Sinaloa,014,014 Rosario; El,0,0,0,0,0,0,0,1,0,0,0,1,0,0,,,,,,,,,,,,,,,,,,,,,,,,,,,,,,,,,,,,,,,,,,,,,,,,,,,,,,,,,,,,,,,,,,,,,,,,,,,,,,,,,,,,,,,,,,,,,,,1,,,,,,,,,,,,,,,,,,,,,,,,,,,,,,,,,,,,,,,,,,,,,,,1,,,,,,,,,,,,,,,,,,,,,,,
25,25 Sinaloa,016,016 San Ignacio,1,0,0,0,0,1,0,0,0,0,0,0,0,0,,,,,,,,,,1,,,,,,,,,,,,,,,,,,,,,,,,,,,,,,,,,,,,,,,,,,,,,,,,,,,,1,,,,,,,,,,,,,,,,,,,,,,,,,,,,,,,,,,,,,,,,,,,,,,,,,,,,,,,,,,,,,,,,,,,,,,,,,,,,,,,,,,,,,,,,,,,,,,,,,,,,,,,
26,26 Sonora,030,030 Hermosillo,0,0,0,0,0,0,0,1,0,0,0,0,0,0,,,,,,,,,,,,,,,,,,,,,,,,,,,,,,,,,,,,,,,,,,,,,,,,,,,,,,,,,,,,,,,,,,,,,,,,,,,,,,,,,,,,,,,,,1,,,,,,,,,,,,,,,,,,,,,,,,,,,,,,,,,,,,,,,,,,,,,,,,,,,,,,,,,,,,,,,,,,,,,,,,,,,,
26,26 Sonora,054,054 San Javier,0,0,0,0,0,0,0,1,0,0,0,0,0,0,,,,,,,,,,,,,,,,,,,,,,,,,,,,,,,,,,,,,,,,,,,,,,,,,,,,,,,,,,,,,,,,,,,,,,,,,,,,,,,,,,,,,,,,,,,1,,,,,,,,,,,,,,,,,,,,,,,,,,,,,,,,,,,,,,,,,,,,,,,,,,,,,,,,,,,,,,,,,,,,,,,,,,
27,27 Tabasco,001,001 Balancán,1,1,1,1,2,0,0,0,2,1,0,0,0,0,,,,,,,,1,,,,,,,,,,,,,1,,,,,,,,,1,,,,,,,,,,,,1,,,,,,,,,,,1,1,,,,,,,,,,,,,,,,,,,,,,,,,,,,,,,,,,,,,,,,,,,,,,,,,,1,1,,,,,,1,,,,,,,,,,,,,,,,,,,,,,,,,,,,,,,,,,,,,,,,,,,,,,,,,,,,,,
27,27 Tabasco,002,002 Cárdenas,129,123,109,45,72,64,82,56,26,19,135,34,30,18,7,4,6,19,12,20,22,10,8,9,9,3,5,6,12,5,21,22,11,4,18,8,5,6,12,15,14,2,21,12,5,6,10,4,2,6,1,5,6,1,7,13,9,1,2,,,,9,5,13,1,13,11,10,4,3,1,2,,2,,1,1,,4,8,7,15,18,4,4,14,8,13,13,11,5,8,3,6,1,,,,3,6,,7,9,7,5,14,2,1,2,3,4,1,3,6,2,6,,,1,,,1,4,2,2,3,1,1,,,2,3,,1,2,3,17,39,27,19,7,6,8,5,1,3,2,4,3,1,7,5,2,2,3,2,,2,2,1,8,3,2,9,1,2,,,,,2,1,5,3,4,3,,
27,27 Tabasco,003,003 Centla,1,0,0,0,0,0,0,0,0,0,0,0,0,0,,1,,,,,,,,,,,,,,,,,,,,,,,,,,,,,,,,,,,,,,,,,,,,,,,,,,,,,,,,,,,,,,,,,,,,,,,,,,,,,,,,,,,,,,,,,,,,,,,,,,,,,,,,,,,,,,,,,,,,,,,,,,,,,,,,,,,,,,,,,,,,,,,,,,,,,,,,,,,,,,,,,,,
27,27 Tabasco,004,004 CENTRO,5,0,0,0,3,1,1,0,0,3,1,0,0,1,,,,,,1,2,,1,1,,,,,,,,,,,,,,,,,,,,,,,,,,,,,,,,,,,,,,,,,,3,,,,,,,,,,,,,,,,,,,1,,,,,,,1,,,,,,,,,,,,,,,,,,,,,,,,,,,,,,,1,,,1,,,,,,1,,,,,,,,,1,,,,,,,,,,,,,,,,,,,,,,,,,,,,,,,,,,,,1,,
27,27 Tabasco,005,005 Comalcalco,38,62,71,49,75,57,40,49,25,13,67,33,25,10,2,2,5,1,,6,6,5,5,1,3,2,2,2,2,2,7,11,7,5,15,4,1,4,4,8,9,4,5,6,12,12,4,1,4,2,3,12,5,8,2,3,3,3,4,1,2,3,2,,12,7,22,6,7,2,5,5,4,3,1,3,2,,,4,8,4,5,9,12,9,2,8,5,4,4,10,4,1,1,,,1,2,4,4,,4,3,3,5,10,4,3,7,1,5,3,2,3,2,3,1,1,2,1,1,1,1,1,2,3,1,,1,1,,2,,1,6,4,5,9,17,5,5,5,4,4,2,2,3,7,3,3,3,2,,1,4,2,3,1,,1,2,6,2,6,,,3,,4,,1,1,2,,4,2,,
27,27 Tabasco,006,006 Cunduacán,96,180,169,84,87,87,102,91,54,25,168,66,54,36,2,4,12,10,20,12,17,8,4,2,5,,6,2,17,11,10,17,38,21,16,17,17,8,15,12,34,15,18,31,8,14,9,,11,2,2,7,3,10,9,11,13,4,5,2,11,7,5,17,8,20,6,12,7,4,3,2,3,,2,1,,1,4,4,9,16,11,24,2,13,6,15,13,5,30,3,12,5,9,1,,3,,5,11,1,14,9,17,9,9,7,3,6,8,2,7,3,3,5,7,5,5,5,4,,3,2,1,,2,1,2,1,5,5,1,2,6,12,27,20,20,44,17,7,7,3,3,2,8,10,8,6,9,8,4,2,1,5,1,4,6,6,7,5,3,9,6,1,8,2,,1,6,2,3,3,8,10,4,,
27,27 Tabasco,008,008 Huimanguillo,88,60,45,33,31,31,17,26,24,14,42,22,23,14,5,4,8,17,7,11,4,6,5,3,12,6,8,1,4,3,12,8,5,7,7,2,3,,7,9,8,6,4,2,2,3,2,2,,,1,1,3,4,5,4,1,3,,5,5,1,2,5,6,2,5,5,4,1,1,,,,,,,1,,4,7,8,6,1,4,,,2,1,1,3,2,2,1,2,,,3,,2,6,2,3,3,6,2,2,,,,,4,3,1,3,,4,3,2,1,3,,3,2,1,,2,1,1,1,,2,1,,3,1,4,4,11,5,2,5,4,2,,1,3,4,2,1,5,3,,,,2,1,1,1,2,3,7,1,2,3,1,2,,1,,1,,3,4,1,4,1,,
27,27 Tabasco,009,009 Jalapa,0,0,1,1,0,0,0,0,0,0,0,0,0,0,,,,,,,,,,,,,,,,,,,,,,,,,,1,,,,,,,,,,,,,,,,,1,,,,,,,,,,,,,,,,,,,,,,,,,,,,,,,,,,,,,,,,,,,,,,,,,,,,,,,,,,,,,,,,,,,,,,,,,,,,,,,,,,,,,,,,,,,,,,,,,,,,,,,,,,,,,,,,,,,,,,,,,,
27,27 Tabasco,010,010 Jalpa De Méndez,20,44,31,24,20,4,8,7,9,1,18,7,7,0,3,,,3,1,3,6,,3,1,,,2,,3,1,7,4,4,3,12,2,2,4,,2,6,5,7,9,1,,,1,,,,,2,3,1,1,3,4,7,2,1,,1,1,3,5,3,3,1,,1,,1,1,,,,,,,,1,,1,2,,,1,1,2,2,,,,,,,2,,,1,,,1,,1,,2,1,1,,1,3,,1,,,,1,,2,1,,,,,,,,,,,,1,3,1,2,2,,5,1,1,,2,1,,1,1,2,,,1,1,,,,1,,1,2,,,1,,1,1,,,1,,,,,,,,,,
27,27 Tabasco,012,012 Macuspana,0,1,1,0,0,0,0,0,0,0,0,0,0,0,,,,,,,,,,,,,,,,,1,,,,,,,,,,1,,,,,,,,,,,,,,,,,,,,,,,,,,,,,,,,,,,,,,,,,,,,,,,,,,,,,,,,,,,,,,,,,,,,,,,,,,,,,,,,,,,,,,,,,,,,,,,,,,,,,,,,,,,,,,,,,,,,,,,,,,,,,,,,,,,,,,,,,,
27,27 Tabasco,013,013 Nacajuca,0,0,1,1,1,0,0,0,1,0,1,0,0,0,,,,,,,,,,,,,,,,,,,,,,,,,,1,,,,,,,,,,,,,,,1,,,,,,,,,,,,,,,,1,,,,,,,,,,,,,,,,,,,,,,,,,,,,,,,,,,,,,,,,,,,,,1,,,,,,,,,,,,,,,,,,,,,,,,,,,,1,,,,,,,,,,,,,,,,,,,,,,,,,,,,,,,,,,,
27,27 Tabasco,014,014 Paraiso,3,10,5,8,19,4,4,2,8,4,9,6,3,10,1,,1,,,1,,,,,,,,1,,1,,,1,2,2,1,1,1,,1,,,,1,1,,1,1,,,,,2,1,,1,2,1,,1,,,1,2,2,,7,1,2,,1,,3,,1,1,,,,,,1,,,1,,1,,1,,1,,,,1,,,,,,,1,,,,,,1,,,,2,2,,,4,,,,,,,,,,,,,,,,2,,2,,2,1,2,3,,,,1,,,,1,,,,,3,,,,,,2,,,,,2,,1,,,,,,,,1,,,9,,,
27,27 Tabasco,015,015 Tacotalpa,1,1,0,0,0,0,0,2,0,0,0,0,4,2,,,,,,,,,1,,,,,1,,,,,,,,,,,,,,,,,,,,,,,,,,,,,,,,,,,,,,,,,,,,,,,,,,,,,,,,,,,,,,,,,,,,,,,,,,2,,,,,,,,,,,,,,,,,,,,,,,,,,,,,,,,,,,,,,,,,,,,,,,,,,,,,,,,,,,,3,,,,,,,,1,,,1,,1,,,,
27,27 Tabasco,016,016 TEAPA,1,1,1,0,1,1,0,2,1,0,6,5,4,0,,,,,,,,,1,,,,1,,,,,,,,,,,,,1,,,,,,,,,,,,,,,,,,,,,,,,,,,1,,,,,,,,,,,,,,,,1,,,,,,,,,,,,,,,,,2,,,,,,,,,,,1,,,,,,,,,,,,,,,,,,,,,,,,1,2,,,1,,,,,,1,1,1,,1,,,1,,,,,2,,,,1,,1,1,,,1,,,,,,,,,,,,
27,27 Tabasco,017,017 Tenosique,1,0,3,1,2,6,3,7,3,2,1,2,0,0,,,,,,,,1,,,,,,,,,,,,,,,,,,1,,,,2,,,,,,,,,,,1,,,,,,,,,1,,,,,1,,,,,,,,,2,,3,,,,,,1,,,,,1,,,,,2,,,,,2,,1,1,,1,2,,,,,,,,,,2,,,1,,,,,,,1,,,,1,,,,,,1,,,,,,,,,,,,,,,,2,,,,,,,,,,,,,,,,,,,,,,,,,,
30,30 Veracruz,003,003 Acayucán,0,1,0,0,0,0,0,0,0,0,0,0,0,0,,,,,,,,,,,,,,,,,,,,,,,,1,,,,,,,,,,,,,,,,,,,,,,,,,,,,,,,,,,,,,,,,,,,,,,,,,,,,,,,,,,,,,,,,,,,,,,,,,,,,,,,,,,,,,,,,,,,,,,,,,,,,,,,,,,,,,,,,,,,,,,,,,,,,,,,,,,,,,,,,,,,,,
30,30 Veracruz,004,004 Actopan,1,0,0,0,0,0,1,0,0,0,0,0,0,0,,,,,,,,1,,,,,,,,,,,,,,,,,,,,,,,,,,,,,,,,,,,,,,,,,,,,,,,,,,,,,,,,,,,,,,,,,,,,,,,1,,,,,,,,,,,,,,,,,,,,,,,,,,,,,,,,,,,,,,,,,,,,,,,,,,,,,,,,,,,,,,,,,,,,,,,,,,,,,,,,,,,,,,
30,30 Veracruz,009,009 Alto Lucero,0,0,0,1,0,0,1,0,0,0,0,0,0,0,,,,,,,,,,,,,,,,,,,,,,,,,,,,,,,,,,,,,,,,1,,,,,,,,,,,,,,,,,,,,,,,,,,,,,,,,,,,,1,,,,,,,,,,,,,,,,,,,,,,,,,,,,,,,,,,,,,,,,,,,,,,,,,,,,,,,,,,,,,,,,,,,,,,,,,,,,,,,,,,,,,,,,,
30,30 Veracruz,010,010 Altotonga,0,0,0,0,0,0,0,0,0,0,1,0,0,0,,,,,,,,,,,,,,,,,,,,,,,,,,,,,,,,,,,,,,,,,,,,,,,,,,,,,,,,,,,,,,,,,,,,,,,,,,,,,,,,,,,,,,,,,,,,,,,,,,,,,,,,,,,,,,,,,,,,,,,,,1,,,,,,,,,,,,,,,,,,,,,,,,,,,,,,,,,,,,,,,,,,,,
30,30 Veracruz,023,023 Atzalan,0,0,0,0,1,0,0,0,0,0,0,0,0,0,,,,,,,,,,,,,,,,,,,,,,,,,,,,,,,,,,,,,,,,,,,,,,,,,,,,,,,1,,,,,,,,,,,,,,,,,,,,,,,,,,,,,,,,,,,,,,,,,,,,,,,,,,,,,,,,,,,,,,,,,,,,,,,,,,,,,,,,,,,,,,,,,,,,,,,,,,,,,,,,,,,,,,
30,30 Veracruz,026,026 Banderilla,0,0,0,0,0,0,0,0,0,0,0,1,0,0,,,,,,,,,,,,,,,,,,,,,,,,,,,,,,,,,,,,,,,,,,,,,,,,,,,,,,,,,,,,,,,,,,,,,,,,,,,,,,,,,,,,,,,,,,,,,,,,,,,,,,,,,,,,,,,,,,,,,,,,,,,,,,,,,,,,,,,,,,1,,,,,,,,,,,,,,,,,,,,,,,,,,,
30,30 Veracruz,028,028 Boca Del Río,0,0,0,0,0,0,0,0,0,0,1,0,0,0,,,,,,,,,,,,,,,,,,,,,,,,,,,,,,,,,,,,,,,,,,,,,,,,,,,,,,,,,,,,,,,,,,,,,,,,,,,,,,,,,,,,,,,,,,,,,,,,,,,,,,,,,,,,,,,,,,,,,,,,,,,,,,1,,,,,,,,,,,,,,,,,,,,,,,,,,,,,,,,,,,,,,,
30,30 Veracruz,039,039 Coatzacoalcos,1,1,1,0,1,1,0,0,1,1,1,4,1,2,,,,,,,,,1,,,,,,,,,,,,,,,1,,,,,,1,,,,,,,,,,,,,,,,,,,1,,,,,,,,,,,,,,1,,,,,,,,,,,,,,,,,,,,,,,,,,,,,,,,,,,,,,,,,1,,,,,,,1,,,,,,,,,,,,,,1,,,,,,,,,,1,,1,,,,,,2,,,1,,,,,,,,,,,,,1,1,,,,,
30,30 Veracruz,042,042 Colipa,0,0,0,25,4,2,2,2,5,3,1,0,0,0,,,,,,,,,,,,,,,,,,,,,,,,,,,,,,,,,,,,,1,3,12,1,2,2,2,,,,1,1,,2,1,,1,,,,,,,,,,2,,,,,,,,,,,,,1,,,,,,1,,,,,1,,,,,,1,,,,1,2,1,,,,,,,,,1,,,,,,,1,,,2,,,,,,,1,,,,,,,,,,,,,,,,,,,,,,,,,,,,,,,,,,,,,,,,
30,30 Veracruz,048,048 Cosoleacaque,2,0,0,2,0,0,0,0,0,0,0,0,0,0,,,,,1,,,,1,,,,,,,,,,,,,,,,,,,,,,,,,,,,,,,1,,,,,1,,,,,,,,,,,,,,,,,,,,,,,,,,,,,,,,,,,,,,,,,,,,,,,,,,,,,,,,,,,,,,,,,,,,,,,,,,,,,,,,,,,,,,,,,,,,,,,,,,,,,,,,,,,,,,,,,,,,,,,,
30,30 Veracruz,057,057 Chiconquiaco,0,1,0,0,0,0,0,0,0,0,0,0,0,0,,,,,,,,,,,,,,,,,,,,,,,1,,,,,,,,,,,,,,,,,,,,,,,,,,,,,,,,,,,,,,,,,,,,,,,,,,,,,,,,,,,,,,,,,,,,,,,,,,,,,,,,,,,,,,,,,,,,,,,,,,,,,,,,,,,,,,,,,,,,,,,,,,,,,,,,,,,,,,,,,,,,,,
30,30 Veracruz,059,059 Chinameca,0,0,0,0,0,0,0,0,0,2,0,0,1,0,,,,,,,,,,,,,,,,,,,,,,,,,,,,,,,,,,,,,,,,,,,,,,,,,,,,,,,,,,,,,,,,,,,,,,,,,,,,,,,,,,,,,,,,,,,,,,,,,,,,,,,,,,,,,,,,,,2,,,,,,,,,,,,,,,,,,,,,,,,,,,,,,,,,,,,,,,,,,1,,,,,,,,,
30,30 Veracruz,061,061 Choapas; Las,1,4,0,0,0,0,0,1,1,1,0,1,1,1,1,,,,,,,,,,,,,1,1,,2,,,,,,,,,,,,,,,,,,,,,,,,,,,,,,,,,,,,,,,,,,,,,,,,,,,,,,,,,,,,,,,,,,,,,1,,,,,,,,,,,,,1,,,,,,,,,,,,,,,1,,,,,,,,,,,,,,,,,,,,,,1,,,,,,,,,,,,1,,,,,,,,,,,1,,,,,,
30,30 Veracruz,065,065 Emiliano Zapata,1,0,2,0,0,0,0,0,0,0,0,0,0,0,,,,,,1,,,,,,,,,,,,,,,,,,,,,,,,,,,2,,,,,,,,,,,,,,,,,,,,,,,,,,,,,,,,,,,,,,,,,,,,,,,,,,,,,,,,,,,,,,,,,,,,,,,,,,,,,,,,,,,,,,,,,,,,,,,,,,,,,,,,,,,,,,,,,,,,,,,,,,,,,,,,,,,,
30,30 Veracruz,070,070 Hidalgotitlán,0,0,0,0,0,0,0,0,0,1,0,0,0,0,,,,,,,,,,,,,,,,,,,,,,,,,,,,,,,,,,,,,,,,,,,,,,,,,,,,,,,,,,,,,,,,,,,,,,,,,,,,,,,,,,,,,,,,,,,,,,,,,,,,,,,,,,,,,,,,,,1,,,,,,,,,,,,,,,,,,,,,,,,,,,,,,,,,,,,,,,,,,,,,,,,,,,
30,30 Veracruz,081,081 Ixhuatlancillo,0,0,0,1,0,0,0,0,0,0,0,0,0,0,,,,,,,,,,,,,,,,,,,,,,,,,,,,,,,,,,,,,,,1,,,,,,,,,,,,,,,,,,,,,,,,,,,,,,,,,,,,,,,,,,,,,,,,,,,,,,,,,,,,,,,,,,,,,,,,,,,,,,,,,,,,,,,,,,,,,,,,,,,,,,,,,,,,,,,,,,,,,,,,,,,,,,
30,30 Veracruz,082,082 Ixhuatlan Del Sureste,4,4,3,0,0,2,0,1,4,1,2,1,4,0,,1,,,,1,,,1,,,1,,,,,1,,,2,,1,,,1,,,1,,,,,,1,,,,,,,,,,,,,,,,,,,,,,,,,,,,,,,,,,,,,2,,,,,,,,,,,,,,,1,,,,,,,,,,,,1,2,,,1,,,,,,,,,,1,,,,,,,,,,1,,,,,1,,,,,,,1,,,,,,,,,,,,,1,1,1,,1,,,,,,,,,,,,,,
30,30 Veracruz,087,087 Xalapa,0,0,0,1,0,0,3,1,1,0,0,0,0,0,,,,,,,,,,,,,,,,,,,,,,,,,,,,,,,,,,,,,,,,,,,,,1,,,,,,,,,,,,,,,,,,,,,,,,,,,,,,,,,,,,,,,3,,1,,,,,,,,,,,,,,,1,,,,,,,,,,,,,,,,,,,,,,,,,,,,,,,,,,,,,,,,,,,,,,,,,,,,,,,,,,,,,,,,
30,30 Veracruz,095,095 Juchique De Ferrer,0,0,7,50,6,7,8,7,0,3,6,15,3,4,,,,,,,,,,,,,,,,,,,,,,,,,,,,2,4,1,,,,,,,5,22,9,2,6,,3,2,1,,,,,1,,,3,,,,,,2,,,2,1,,,,,,1,,1,2,,,1,2,,1,2,,,1,1,,2,,,1,2,2,,,,,,,,,,,,,,,,,,,1,1,,,1,,,,,,,,,4,1,1,,,,,,,,,2,2,,3,1,1,,1,1,2,,2,,,1,,,,,,,2,,,,,,,,1,3,,
30,30 Veracruz,102,102 Martínez De La Torre,0,0,0,0,0,0,0,0,1,0,0,0,0,0,,,,,,,,,,,,,,,,,,,,,,,,,,,,,,,,,,,,,,,,,,,,,,,,,,,,,,,,,,,,,,,,,,,,,,,,,,,,,,,,,,,,,,,,,,,,,,,,,,,,,,,,,,1,,,,,,,,,,,,,,,,,,,,,,,,,,,,,,,,,,,,,,,,,,,,,,,,,,,,,,,,,,,
30,30 Veracruz,108,108 Minatitlán,3,0,1,4,0,0,1,0,1,0,0,2,0,0,,,1,,1,,,,,,,1,,,,,,,,,,,,,,,,,1,,,,,,,,,,1,2,1,,,,,,,,,,,,,,,,,,,,,,,,,,,,,,,,,,1,,,,,,,,,,,,,,,,,,,,,,,,,,,1,,,,,,,,,,,,,,,,,,,,,,,,,,,,,,,,,1,,,,,,,,1,,,,,,,,,,,,,,,,,,,,,,
30,30 Veracruz,109,109 Misantla,0,0,0,0,1,0,3,0,0,0,0,1,0,0,,,,,,,,,,,,,,,,,,,,,,,,,,,,,,,,,,,,,,,,,,,,,,,,,,,1,,,,,,,,,,,,,,,,,,,,,,,,,,,,,,1,2,,,,,,,,,,,,,,,,,,,,,,,,,,,,,,,,,,,,,,,,,,,,,,,,,,,,1,,,,,,,,,,,,,,,,,,,,,,,,,,,,,,,
30,30 Veracruz,111,111 Moloacan,1,0,3,1,1,0,0,1,1,1,2,0,4,2,,1,,,,,,,,,,,,,,,,,,,,,,,,2,,,,,,,,,1,,,,,,,,,,1,,,,,1,,,,,,,,,,,,,,,,,,,,,,,,,,,,,,,,,,,,,,,,,,,,1,,,,,1,,,,,,,,,,,,,,,1,,,,,,,1,,,,,1,,,,,,,,,,,,,,,,,,,,,1,1,1,1,,,,,,,,,1,,,1,,,
30,30 Veracruz,125,125 Paso Del Macho,0,0,0,0,0,0,0,0,1,0,0,0,0,0,,,,,,,,,,,,,,,,,,,,,,,,,,,,,,,,,,,,,,,,,,,,,,,,,,,,,,,,,,,,,,,,,,,,,,,,,,,,,,,,,,,,,,,,,,,,,,,,,,,,,1,,,,,,,,,,,,,,,,,,,,,,,,,,,,,,,,,,,,,,,,,,,,,,,,,,,,,,,,,,,,,,,,
30,30 Veracruz,130,130 Playa Vicente,1,2,0,0,0,0,0,0,0,0,0,0,0,0,,,,1,,,,,,,,,,,,2,,,,,,,,,,,,,,,,,,,,,,,,,,,,,,,,,,,,,,,,,,,,,,,,,,,,,,,,,,,,,,,,,,,,,,,,,,,,,,,,,,,,,,,,,,,,,,,,,,,,,,,,,,,,,,,,,,,,,,,,,,,,,,,,,,,,,,,,,,,,,,,,,,,,,
30,30 Veracruz,131,131 Poza Rica De Hidalgo,0,0,0,0,0,0,0,0,1,0,0,0,0,0,,,,,,,,,,,,,,,,,,,,,,,,,,,,,,,,,,,,,,,,,,,,,,,,,,,,,,,,,,,,,,,,,,,,,,,,,,,,,,,,,,,,,,,,,,,,,,,,,,,,1,,,,,,,,,,,,,,,,,,,,,,,,,,,,,,,,,,,,,,,,,,,,,,,,,,,,,,,,,,,,,,,,,
30,30 Veracruz,141,141 San Andrés Tuxtla,3,0,0,0,0,0,0,0,0,0,0,0,0,0,,,,,,,,,,,,3,,,,,,,,,,,,,,,,,,,,,,,,,,,,,,,,,,,,,,,,,,,,,,,,,,,,,,,,,,,,,,,,,,,,,,,,,,,,,,,,,,,,,,,,,,,,,,,,,,,,,,,,,,,,,,,,,,,,,,,,,,,,,,,,,,,,,,,,,,,,,,,,,,,,,,,,,
30,30 Veracruz,142,142 San Juan Evangelista,1,0,0,0,1,0,0,0,0,0,0,0,0,0,,,,,,,,,,,,1,,,,,,,,,,,,,,,,,,,,,,,,,,,,,,,,,,,,,,,,,,,,,,1,,,,,,,,,,,,,,,,,,,,,,,,,,,,,,,,,,,,,,,,,,,,,,,,,,,,,,,,,,,,,,,,,,,,,,,,,,,,,,,,,,,,,,,,,,,,,,,,,,,,,,,,,,,
30,30 Veracruz,169,169 José Azueta,0,1,0,0,0,0,0,0,0,0,0,0,0,0,,,,,,,,,,,,,,,,,,,,,,,,1,,,,,,,,,,,,,,,,,,,,,,,,,,,,,,,,,,,,,,,,,,,,,,,,,,,,,,,,,,,,,,,,,,,,,,,,,,,,,,,,,,,,,,,,,,,,,,,,,,,,,,,,,,,,,,,,,,,,,,,,,,,,,,,,,,,,,,,,,,,,,
30,30 Veracruz,172,172 Texistepec,0,0,0,1,0,0,0,0,0,0,0,0,0,0,,,,,,,,,,,,,,,,,,,,,,,,,,,,,,,,,,,,,,,,,,,,,,1,,,,,,,,,,,,,,,,,,,,,,,,,,,,,,,,,,,,,,,,,,,,,,,,,,,,,,,,,,,,,,,,,,,,,,,,,,,,,,,,,,,,,,,,,,,,,,,,,,,,,,,,,,,,,,,,,,,,,,,
30,30 Veracruz,181,181 Tlalixcoyán,0,1,0,0,0,0,0,0,0,0,0,0,0,0,,,,,,,,,,,,,,,,,,,1,,,,,,,,,,,,,,,,,,,,,,,,,,,,,,,,,,,,,,,,,,,,,,,,,,,,,,,,,,,,,,,,,,,,,,,,,,,,,,,,,,,,,,,,,,,,,,,,,,,,,,,,,,,,,,,,,,,,,,,,,,,,,,,,,,,,,,,,,,,,,,,,,,
30,30 Veracruz,183,183 Tlapacoyán,0,0,0,0,0,1,0,0,0,0,0,0,0,0,,,,,,,,,,,,,,,,,,,,,,,,,,,,,,,,,,,,,,,,,,,,,,,,,,,,,,,,,,,,,,,,,,1,,,,,,,,,,,,,,,,,,,,,,,,,,,,,,,,,,,,,,,,,,,,,,,,,,,,,,,,,,,,,,,,,,,,,,,,,,,,,,,,,,,,,,,,,,,,,,,,,,,
30,30 Veracruz,192,192 Vega De Alatorre,0,0,0,0,1,1,0,0,0,0,0,0,0,0,,,,,,,,,,,,,,,,,,,,,,,,,,,,,,,,,,,,,,,,,,,,,,,,,,1,,,,,,,,,,,,,,,,1,,,,,,,,,,,,,,,,,,,,,,,,,,,,,,,,,,,,,,,,,,,,,,,,,,,,,,,,,,,,,,,,,,,,,,,,,,,,,,,,,,,,,,,,,,,,,,,,,,,
30,30 Veracruz,197,197 Yecuatla,0,0,0,2,0,0,0,0,0,0,0,0,0,0,,,,,,,,,,,,,,,,,,,,,,,,,,,,,,,,,,,,,,,,,1,,1,,,,,,,,,,,,,,,,,,,,,,,,,,,,,,,,,,,,,,,,,,,,,,,,,,,,,,,,,,,,,,,,,,,,,,,,,,,,,,,,,,,,,,,,,,,,,,,,,,,,,,,,,,,,,,,,,,,,,,,,,,
30,30 Veracruz,201,201 Zongólica,0,0,0,0,0,0,1,0,0,0,0,0,0,0,,,,,,,,,,,,,,,,,,,,,,,,,,,,,,,,,,,,,,,,,,,,,,,,,,,,,,,,,,,,,,,,,,,,,,,,,1,,,,,,,,,,,,,,,,,,,,,,,,,,,,,,,,,,,,,,,,,,,,,,,,,,,,,,,,,,,,,,,,,,,,,,,,,,,,,,,,,,,,,,,,,,,,
30,30 Veracruz,204,204 Agua Dulce,2,1,0,0,0,0,0,1,0,0,0,2,1,2,,,1,,1,,,,,,,,,,,,,,1,,,,,,,,,,,,,,,,,,,,,,,,,,,,,,,,,,,,,,,,,,,,,,,,,,,,,,,,,,,,,,,,,,,,1,,,,,,,,,,,,,,,,,,,,,,,,,,,,,,,,,,,,,,,,,,,,,,,,1,1,,,,,,,,,,1,,,,,,,,,,,1,,1,,,,,,
30,30 Veracruz,206,206 Nanchital,1,0,0,0,0,0,0,0,0,0,1,0,1,0,,,,,,,,,,1,,,,,,,,,,,,,,,,,,,,,,,,,,,,,,,,,,,,,,,,,,,,,,,,,,,,,,,,,,,,,,,,,,,,,,,,,,,,,,,,,,,,,,,,,,,,,,,,,,,,,,,,,,,,,,,,1,,,,,,,,,,,,,,,,,,,,,,,,1,,,,,,,,,,,,,,,,,,,
30,30 Veracruz,209,209 Uxpanapa,0,0,0,0,0,0,0,0,0,1,0,0,0,0,,,,,,,,,,,,,,,,,,,,,,,,,,,,,,,,,,,,,,,,,,,,,,,,,,,,,,,,,,,,,,,,,,,,,,,,,,,,,,,,,,,,,,,,,,,,,,,,,,,,,,,,,,,,,,,,,,1,,,,,,,,,,,,,,,,,,,,,,,,,,,,,,,,,,,,,,,,,,,,,,,,,,,
31,31 Yucatán,050,050 Mérida,0,0,0,0,2,0,3,1,0,2,0,0,0,0,,,,,,,,,,,,,,,,,,,,,,,,,,,,,,,,,,,,,,,,,,,,,,,,,,1,,,1,,,,,,,,,,,,,,,,,,,,,,,,,,1,,2,,,,,,,,,,,,1,,,,,,,,,,,,,,,,,1,,,,1,,,,,,,,,,,,,,,,,,,,,,,,,,,,,,,,,,,,,,,,,,,,,,,,,,,
31,31 Yucatán,056,056 Oxkutzcab,0,0,0,0,0,0,0,0,0,0,0,0,1,0,,,,,,,,,,,,,,,,,,,,,,,,,,,,,,,,,,,,,,,,,,,,,,,,,,,,,,,,,,,,,,,,,,,,,,,,,,,,,,,,,,,,,,,,,,,,,,,,,,,,,,,,,,,,,,,,,,,,,,,,,,,,,,,,,,,,,,,,,,,,,,,,,,,,1,,,,,,,,,,,,,,,,,
31,31 Yucatán,058,058 Peto,0,0,0,0,0,0,0,0,0,0,1,0,0,2,,,,,,,,,,,,,,,,,,,,,,,,,,,,,,,,,,,,,,,,,,,,,,,,,,,,,,,,,,,,,,,,,,,,,,,,,,,,,,,,,,,,,,,,,,,,,,,,,,,,,,,,,,,,,,,,,,,,,,,,,,,,,,1,,,,,,,,,,,,,,,,,,,,,,,,,,,,,,,,,,,,2,,,
31,31 Yucatán,079,079 Tekax,2,0,0,0,1,0,0,0,0,0,0,0,2,0,,1,,,,,,,1,,,,,,,,,,,,,,,,,,,,,,,,,,,,,,,,,,,,,,,,,,,,1,,,,,,,,,,,,,,,,,,,,,,,,,,,,,,,,,,,,,,,,,,,,,,,,,,,,,,,,,,,,,,,,,,,,,,,,,,,,,,,,,,,,,,,,,,,,,,,,1,,1,,,,,,,,,,,,,,
31,31 Yucatán,089,089 Ticul,1,0,0,1,0,0,0,0,1,0,0,0,1,0,,,,,,,,,,1,,,,,,,,,,,,,,,,,,,,,,,,,,,,,,,,,,1,,,,,,,,,,,,,,,,,,,,,,,,,,,,,,,,,,,,,,,,,,,,,,,,,,,,,,,1,,,,,,,,,,,,,,,,,,,,,,,,,,,,,,,,,,,,,,,,,,,,,,,,,1,,,,,,,,,,,,,,,,,
31,31 Yucatán,091,091 Tinum,0,0,0,0,0,0,0,0,0,0,0,0,12,0,,,,,,,,,,,,,,,,,,,,,,,,,,,,,,,,,,,,,,,,,,,,,,,,,,,,,,,,,,,,,,,,,,,,,,,,,,,,,,,,,,,,,,,,,,,,,,,,,,,,,,,,,,,,,,,,,,,,,,,,,,,,,,,,,,,,,,,,,,,,,,,,,,,5,6,1,,,,,,,,,,,,,,,,
31,31 Yucatán,097,097 Tunkas,0,0,0,0,1,0,0,0,0,0,0,0,0,0,,,,,,,,,,,,,,,,,,,,,,,,,,,,,,,,,,,,,,,,,,,,,,,,,,,,,1,,,,,,,,,,,,,,,,,,,,,,,,,,,,,,,,,,,,,,,,,,,,,,,,,,,,,,,,,,,,,,,,,,,,,,,,,,,,,,,,,,,,,,,,,,,,,,,,,,,,,,,,,,,,,,,,
31,31 Yucatán,098,098 Tzucacab,1,0,0,0,0,0,0,0,0,0,0,1,0,0,,,,,,,,1,,,,,,,,,,,,,,,,,,,,,,,,,,,,,,,,,,,,,,,,,,,,,,,,,,,,,,,,,,,,,,,,,,,,,,,,,,,,,,,,,,,,,,,,,,,,,,,,,,,,,,,,,,,,,,,,,,,,,,,,,,,,,1,,,,,,,,,,,,,,,,,,,,,,,,,,,,,,,,
31,31 Yucatán,102,102 Valladolid,0,0,0,0,0,0,0,0,1,0,0,0,0,0,,,,,,,,,,,,,,,,,,,,,,,,,,,,,,,,,,,,,,,,,,,,,,,,,,,,,,,,,,,,,,,,,,,,,,,,,,,,,,,,,,,,,,,,,,,,,,,,,,,,,1,,,,,,,,,,,,,,,,,,,,,,,,,,,,,,,,,,,,,,,,,,,,,,,,,,,,,,,,,,,,,,,,